country,iso_alpha3,name_1,name_2,whostandard,natstandard,population,pm_1998,pm_1999,pm_2000,pm_2001,pm_2002,pm_2003,pm_2004,pm_2005,pm_2006,pm_2007,pm_2008,pm_2009,pm_2010,pm_2011,pm_2012,pm_2013,pm_2014,pm_2015,pm_2016,pm_2017,pm_2018,pm_2019,llpp_who_1998,llpp_who_1999,llpp_who_2000,llpp_who_2001,llpp_who_2002,llpp_who_2003,llpp_who_2004,llpp_who_2005,llpp_who_2006,llpp_who_2007,llpp_who_2008,llpp_who_2009,llpp_who_2010,llpp_who_2011,llpp_who_2012,llpp_who_2013,llpp_who_2014,llpp_who_2015,llpp_who_2016,llpp_who_2017,llpp_who_2018,llpp_who_2019,llpp_nat_1998,llpp_nat_1999,llpp_nat_2000,llpp_nat_2001,llpp_nat_2002,llpp_nat_2003,llpp_nat_2004,llpp_nat_2005,llpp_nat_2006,llpp_nat_2007,llpp_nat_2008,llpp_nat_2009,llpp_nat_2010,llpp_nat_2011,llpp_nat_2012,llpp_nat_2013,llpp_nat_2014,llpp_nat_2015,llpp_nat_2016,llpp_nat_2017,llpp_nat_2018,llpp_nat_2019
Pakistan,PAK,Azad Kashmir,,10,15,5394006,30.65,29.85,35.68,32.150002,34.139999,29.08,30.530001,26.17,27.74,30.01,33.310001,29.57,30.65,31.91,37.560001,35.950001,31.790001,31.09,40.779999,34.349998,38.759998,31.26,2.02,1.95,2.52,2.1700001,2.3699999,1.87,2.01,1.59,1.74,1.96,2.28,1.92,2.02,2.1500001,2.7,2.54,2.1400001,2.0699999,3.02,2.3900001,2.8199999,2.0799999,1.53,1.46,2.03,1.6799999,1.88,1.38,1.52,1.1,1.25,1.47,1.79,1.4299999,1.53,1.66,2.21,2.05,1.65,1.58,2.53,1.9,2.3299999,1.59
Pakistan,PAK,Balochistan,Awaran,10,15,169752,24.91,22.809999,13.73,22.559999,34.380001,17.76,28.959999,14.3,39.919998,20.309999,29.76,27.42,24.91,34.389999,35.110001,27.860001,22.9,27.629999,19.5,25.26,22.959999,41.610001,1.46,1.26,0.37,1.23,2.3900001,0.75999999,1.86,0.41999999,2.9300001,1.01,1.9400001,1.71,1.46,2.3900001,2.46,1.75,1.26,1.73,0.93000001,1.5,1.27,3.0999999,0.97000003,0.76999998,0.039999999,0.74000001,1.9,0.28999999,1.37,0.050000001,2.4400001,0.51999998,1.45,1.22,0.97000003,1.9,1.97,1.26,0.77999997,1.24,0.44999999,1.01,0.77999997,2.6099999
Pakistan,PAK,Balochistan,Barkhan,10,15,168262,42.169998,26.559999,28.290001,42.220001,52.970001,22.620001,30.360001,19.389999,23.93,19.75,26.440001,48.860001,42.169998,53.169998,50.52,47.119999,46.880001,55.419998,42.610001,46.759998,50.599998,58,3.1500001,1.62,1.79,3.1600001,4.21,1.24,2,0.92000002,1.37,0.95999998,1.61,3.8099999,3.1500001,4.23,3.97,3.6400001,3.6099999,4.4499998,3.2,3.5999999,3.98,4.6999998,2.6600001,1.13,1.3,2.6700001,3.72,0.75,1.51,0.43000001,0.88,0.47,1.12,3.3199999,2.6600001,3.74,3.48,3.1500001,3.1199999,3.96,2.71,3.1099999,3.49,4.21
Pakistan,PAK,Balochistan,Chagai,10,15,404736,24.049999,21.860001,15.59,23.780001,31.26,20.209999,21.25,15.78,33.900002,21.299999,27.959999,22.66,24.049999,30.059999,32.860001,25.5,20.34,26.389999,16.309999,19.030001,25.27,41.279999,1.38,1.16,0.55000001,1.35,2.0799999,1,1.1,0.56999999,2.3399999,1.11,1.76,1.24,1.38,1.97,2.24,1.52,1.01,1.61,0.62,0.88,1.5,3.0699999,0.88999999,0.67000002,0.079999998,0.86000001,1.59,0.50999999,0.61000001,0.1,1.85,0.62,1.27,0.75,0.88999999,1.48,1.75,1.03,0.51999998,1.12,0.14,0.38999999,1.01,2.5799999
Pakistan,PAK,Balochistan,Dera Bugti,10,15,118757,47.290001,34.990002,35.52,53.779999,60.84,33.139999,39.919998,28.76,36.549999,26.33,35.27,53.099998,47.290001,56.450001,56.529999,51.720001,51.119999,56.220001,48.990002,54.509998,60.849998,64.089996,3.6500001,2.45,2.5,4.29,4.98,2.27,2.9300001,1.84,2.5999999,1.6,2.48,4.2199998,3.6500001,4.5500002,4.5599999,4.0900002,4.0300002,4.5300002,3.8199999,4.3600001,4.98,5.3000002,3.1600001,1.96,2.01,3.8,4.4899998,1.78,2.4400001,1.35,2.1099999,1.11,1.99,3.73,3.1600001,4.0599999,4.0700002,3.5999999,3.54,4.04,3.3299999,3.8699999,4.4899998,4.8099999
Pakistan,PAK,Balochistan,Gwadar,10,15,310388,14.1,19.110001,12.42,14.15,19.200001,14.38,19.85,11.36,32.130001,14.68,18.32,21.24,14.1,27.049999,23.030001,19.08,12.57,20.1,11.88,16.84,15.21,30.209999,0.41,0.88999999,0.27000001,0.41,0.89999998,0.43000001,0.97000003,0.19,2.1700001,0.46000001,0.81999999,1.1,0.41,1.67,1.28,0.88999999,0.25,0.99000001,0.20999999,0.67000002,0.50999999,1.98,0.050000001,0.41,0,0.029999999,0.41,0.02,0.47999999,0,1.6799999,0.050000001,0.40000001,0.61000001,0.050000001,1.1799999,0.79000002,0.40000001,0.029999999,0.5,0,0.20999999,0.090000004,1.49
Pakistan,PAK,Balochistan,Harnai,10,15,89604,29.02,24.629999,21.440001,24.25,32.830002,21.58,26.610001,17.049999,28.85,17.059999,24.790001,25.719999,29.02,30.67,31.950001,25.700001,24.889999,32.68,21.780001,22.790001,30.959999,37.639999,1.86,1.4299999,1.12,1.4,2.24,1.14,1.63,0.69,1.85,0.69,1.45,1.54,1.86,2.03,2.1500001,1.54,1.46,2.22,1.15,1.25,2.05,2.71,1.37,0.94,0.63,0.91000003,1.75,0.64999998,1.14,0.2,1.36,0.2,0.95999998,1.05,1.37,1.54,1.66,1.05,0.97000003,1.73,0.66000003,0.75999999,1.5599999,2.22
Pakistan,PAK,Balochistan,Jaffarabad,10,15,299822,50.599998,44.509998,42.619999,43.630001,63.259998,43.599998,55.98,39.130001,54.990002,37.939999,47.610001,45.580002,50.599998,51.330002,56.84,46.580002,45.439999,54.43,40.970001,47.959999,60.779999,60.07,3.98,3.3800001,3.2,3.3,5.2199998,3.29,4.5100002,2.8499999,4.4099998,2.74,3.6900001,3.49,3.98,4.0500002,4.5900002,3.5799999,3.47,4.3499999,3.03,3.72,4.98,4.9099998,3.49,2.8900001,2.71,2.8099999,4.73,2.8,4.02,2.3599999,3.9200001,2.25,3.2,3,3.49,3.5599999,4.0999999,3.0899999,2.98,3.8599999,2.54,3.23,4.4899998,4.4200001
Pakistan,PAK,Balochistan,Jhal Magsi,10,15,96148,38.990002,31.82,29.33,32.549999,50.18,30.01,38.450001,27.879999,47.439999,27.950001,33.889999,36.360001,38.990002,38.709999,42.59,36.23,35.73,42.029999,28.83,37.009998,44.599998,52.389999,2.8399999,2.1400001,1.89,2.21,3.9400001,1.96,2.79,1.75,3.6700001,1.76,2.3399999,2.5799999,2.8399999,2.8099999,3.1900001,2.5699999,2.52,3.1400001,1.85,2.6500001,3.3900001,4.1500001,2.3499999,1.65,1.4,1.72,3.45,1.47,2.3,1.26,3.1800001,1.27,1.85,2.0899999,2.3499999,2.3199999,2.7,2.0799999,2.03,2.6500001,1.36,2.1600001,2.9000001,3.6600001
Pakistan,PAK,Balochistan,Kachhi,10,15,164590,34.470001,28.17,25.870001,28.49,43.700001,25.959999,33.419998,22.790001,39.759998,21.559999,30.77,31.15,34.470001,33.43,36.349998,30.370001,30.129999,37.299999,24.01,28.73,36.549999,44.380001,2.4000001,1.78,1.5599999,1.8099999,3.3,1.5599999,2.3,1.25,2.9200001,1.13,2.04,2.0699999,2.4000001,2.3,2.5799999,2,1.97,2.6800001,1.37,1.84,2.5999999,3.3699999,1.91,1.29,1.0700001,1.3200001,2.8099999,1.0700001,1.8099999,0.75999999,2.4300001,0.63999999,1.55,1.58,1.91,1.8099999,2.0899999,1.51,1.48,2.1900001,0.88,1.35,2.1099999,2.8800001
Pakistan,PAK,Balochistan,Kalat,10,15,361988,32.299999,25.82,20.27,24.219999,36.279999,24.15,29.34,16.59,35.279999,19.76,28.9,26.16,32.299999,31.139999,36.34,29.02,23.940001,31.059999,19.99,23.030001,28.780001,39.360001,2.1900001,1.55,1.01,1.39,2.5799999,1.39,1.9,0.64999998,2.48,0.95999998,1.85,1.58,2.1900001,2.0699999,2.5799999,1.86,1.37,2.0599999,0.98000002,1.28,1.84,2.8800001,1.7,1.0599999,0.51999998,0.89999998,2.0899999,0.89999998,1.41,0.16,1.99,0.47,1.36,1.09,1.7,1.58,2.0899999,1.37,0.88,1.5700001,0.49000001,0.79000002,1.35,2.3900001
Pakistan,PAK,Balochistan,Kech,10,15,554446,10.16,15.69,9.9799995,12.67,16.719999,12.17,16.84,8.4300003,30.32,12.14,12.81,18.25,10.16,26.309999,21.040001,15.61,10.24,17.49,10.75,13.83,13.19,24.76,0.13,0.56,0.11,0.25999999,0.66000003,0.20999999,0.67000002,0.050000001,1.99,0.20999999,0.28999999,0.81,0.13,1.6,1.08,0.55000001,0.079999998,0.73000002,0.11,0.38,0.31,1.45,0,0.13,0,0,0.17,0,0.18000001,0,1.5,0.01,0.090000004,0.31999999,0,1.11,0.58999997,0.11,0,0.23999999,0,0.02,0.029999999,0.95999998
Pakistan,PAK,Balochistan,Kharan,10,15,231754,30.93,25.26,18.67,27.700001,36.75,24.559999,30.059999,20.059999,40.860001,26.91,34.720001,26.870001,30.93,40.57,39.689999,32.849998,26.809999,33.799999,22.440001,25.43,30.18,47.139999,2.05,1.5,0.85000002,1.74,2.6199999,1.4299999,1.97,0.99000001,3.02,1.66,2.4200001,1.65,2.05,3,2.9100001,2.24,1.65,2.3299999,1.22,1.51,1.98,3.6400001,1.5599999,1.01,0.36000001,1.25,2.1300001,0.94,1.48,0.5,2.53,1.17,1.9299999,1.16,1.5599999,2.51,2.4200001,1.75,1.16,1.84,0.73000002,1.02,1.49,3.1500001
Pakistan,PAK,Balochistan,Khuzdar,10,15,530359,30.940001,27.98,21.200001,26.99,39.380001,23.51,31.940001,18.459999,37.130001,21.26,31.18,30.24,30.940001,32.919998,39.34,32.639999,27.76,31.540001,22.77,27.9,31.639999,40.689999,2.05,1.76,1.1,1.66,2.8800001,1.3200001,2.1500001,0.82999998,2.6600001,1.1,2.0799999,1.98,2.05,2.25,2.8800001,2.22,1.74,2.1099999,1.25,1.75,2.1199999,3.01,1.5599999,1.27,0.61000001,1.17,2.3900001,0.82999998,1.66,0.34,2.1700001,0.61000001,1.59,1.49,1.5599999,1.76,2.3900001,1.73,1.25,1.62,0.75999999,1.26,1.63,2.52
Pakistan,PAK,Balochistan,Killa Abdullah,10,15,815973,34.93,24.74,20.440001,24.879999,35.290001,26.07,31.07,18.25,35.93,22.200001,26.610001,22.32,34.93,36.650002,35.959999,29.98,22.27,34.380001,20.66,20.809999,30.360001,38.490002,2.4400001,1.4400001,1.02,1.46,2.48,1.58,2.0599999,0.81,2.54,1.2,1.63,1.21,2.4400001,2.6099999,2.54,1.96,1.2,2.3900001,1.04,1.0599999,2,2.79,1.95,0.94999999,0.52999997,0.97000003,1.99,1.09,1.5700001,0.31999999,2.05,0.70999998,1.14,0.72000003,1.95,2.1199999,2.05,1.47,0.70999998,1.9,0.55000001,0.56999999,1.51,2.3
Pakistan,PAK,Balochistan,Killa Saifullah,10,15,359530,29.4,20.01,19.040001,24.26,33.240002,19.709999,24.719999,15.27,24.440001,15.38,22.690001,25.559999,29.4,34.389999,33.82,28.469999,25.280001,35.419998,23.469999,23.540001,29.92,38.77,1.9,0.98000002,0.88999999,1.4,2.28,0.94999999,1.4400001,0.51999998,1.41,0.52999997,1.24,1.53,1.9,2.3900001,2.3299999,1.8099999,1.5,2.49,1.3200001,1.33,1.95,2.8199999,1.41,0.49000001,0.40000001,0.91000003,1.79,0.46000001,0.94999999,0.079999998,0.92000002,0.079999998,0.75,1.04,1.41,1.9,1.84,1.3200001,1.01,2,0.82999998,0.83999997,1.46,2.3299999
Pakistan,PAK,Balochistan,Kohlu,10,15,64021,40.48,26.559999,27.09,37.93,50.27,21.200001,29.290001,17.360001,25.049999,17.26,23.9,44.68,40.48,49.02,47.07,43.84,43.07,49.48,36.810001,42.34,47.09,55.130001,2.99,1.62,1.67,2.74,3.95,1.1,1.89,0.72000003,1.48,0.70999998,1.36,3.4000001,2.99,3.8199999,3.6300001,3.3199999,3.24,3.8699999,2.6300001,3.1700001,3.6300001,4.4200001,2.5,1.13,1.1799999,2.25,3.46,0.61000001,1.4,0.23,0.99000001,0.22,0.87,2.9100001,2.5,3.3299999,3.1400001,2.8299999,2.75,3.3800001,2.1400001,2.6800001,3.1400001,3.9300001
Pakistan,PAK,Balochistan,Las Bela,10,15,533407,39.419998,37,31.370001,35.57,46.720001,32.040001,40.970001,29.959999,45.240002,28,34.080002,40.450001,39.419998,44.52,49.470001,41.990002,36.91,43.290001,33.869999,42.98,42.27,57.77,2.8800001,2.6500001,2.0899999,2.51,3.5999999,2.1600001,3.04,1.96,3.45,1.76,2.3599999,2.98,2.8800001,3.3800001,3.8699999,3.1300001,2.6400001,3.26,2.3399999,3.23,3.1600001,4.6799998,2.3900001,2.1600001,1.6,2.02,3.1099999,1.67,2.55,1.47,2.96,1.27,1.87,2.49,2.3900001,2.8900001,3.3800001,2.6400001,2.1500001,2.77,1.85,2.74,2.6700001,4.1900001
Pakistan,PAK,Balochistan,Lehri,10,15,71358,37.009998,31.370001,28.9,32.5,49.599998,28.73,36.919998,26.360001,42.57,24.040001,33.560001,35.209999,37.009998,36.5,39.009998,33.82,33.599998,41.259998,27.6,33.259998,42.610001,48.540001,2.6500001,2.0899999,1.85,2.2,3.8800001,1.84,2.6400001,1.6,3.1900001,1.38,2.3099999,2.47,2.6500001,2.5999999,2.8399999,2.3299999,2.3099999,3.0599999,1.73,2.28,3.2,3.78,2.1600001,1.6,1.36,1.71,3.3900001,1.35,2.1500001,1.11,2.7,0.88999999,1.8200001,1.98,2.1600001,2.1099999,2.3499999,1.84,1.8200001,2.5699999,1.24,1.79,2.71,3.29
Pakistan,PAK,Balochistan,Loralai,10,15,426205,31.799999,22.620001,21.780001,28.34,39.66,20.27,27.5,15.99,25.99,15.97,23.950001,31.25,31.799999,36.93,36.419998,30.99,29.76,38.630001,26.139999,29.48,35.220001,44.560001,2.1400001,1.24,1.15,1.8,2.9100001,1.01,1.71,0.58999997,1.5700001,0.57999998,1.37,2.0799999,2.1400001,2.6400001,2.5899999,2.0599999,1.9400001,2.8099999,1.58,1.91,2.47,3.3900001,1.65,0.75,0.66000003,1.3099999,2.4200001,0.51999998,1.22,0.1,1.08,0.1,0.88,1.59,1.65,2.1500001,2.0999999,1.5700001,1.45,2.3199999,1.09,1.42,1.98,2.9000001
Pakistan,PAK,Balochistan,Mastung,10,15,363080,37.5,25.93,20.59,26.290001,36.490002,27.719999,29.98,18.18,35.630001,20.799999,29.24,26.83,37.5,34.720001,37.810001,30.620001,24.32,33.810001,21.809999,22.02,31.35,39.200001,2.7,1.5599999,1.04,1.6,2.5999999,1.74,1.96,0.80000001,2.51,1.0599999,1.89,1.65,2.7,2.4200001,2.73,2.02,1.4,2.3299999,1.16,1.1799999,2.0899999,2.8599999,2.21,1.0700001,0.55000001,1.11,2.1099999,1.25,1.47,0.31,2.02,0.56999999,1.4,1.16,2.21,1.9299999,2.24,1.53,0.91000003,1.84,0.67000002,0.69,1.6,2.3699999
Pakistan,PAK,Balochistan,Musakhel,10,15,94401,35.990002,25.84,26.549999,37.619999,44.740002,20.91,26.559999,18.1,21.93,18.110001,23.66,41.290001,35.990002,47.639999,45.919998,40.349998,41.27,50.049999,37.689999,41.82,43.349998,50.279999,2.55,1.55,1.62,2.71,3.4000001,1.0700001,1.62,0.79000002,1.17,0.79000002,1.34,3.0699999,2.55,3.6900001,3.52,2.97,3.0599999,3.9200001,2.71,3.1199999,3.27,3.95,2.0599999,1.0599999,1.13,2.22,2.9100001,0.57999998,1.13,0.30000001,0.68000001,0.30000001,0.85000002,2.5799999,2.0599999,3.2,3.03,2.48,2.5699999,3.4300001,2.22,2.6300001,2.78,3.46
Pakistan,PAK,Balochistan,Nasirabad,10,15,220701,47.849998,42.810001,39.299999,40.490002,60.830002,41.299999,52.639999,36.68,52.73,35.380001,45.540001,42.57,47.849998,47.130001,51.18,42.650002,41.549999,50.52,37.599998,44.470001,56.970001,56.73,3.71,3.22,2.8699999,2.99,4.98,3.0699999,4.1799998,2.6099999,4.1900001,2.49,3.48,3.1900001,3.71,3.6400001,4.04,3.2,3.0899999,3.97,2.7,3.3800001,4.5999999,4.5799999,3.22,2.73,2.3800001,2.5,4.4899998,2.5799999,3.6900001,2.1199999,3.7,2,2.99,2.7,3.22,3.1500001,3.55,2.71,2.5999999,3.48,2.21,2.8900001,4.1100001,4.0900002
Pakistan,PAK,Balochistan,Nushki,10,15,231134,32.459999,24.75,17.690001,26.84,36.650002,22.6,28.639999,17.690001,35.75,23.41,29.51,23.73,32.459999,34.970001,39.360001,30.030001,22.48,32.77,19.25,20.440001,28.389999,41.380001,2.2,1.45,0.75,1.65,2.6099999,1.24,1.83,0.75,2.52,1.3099999,1.91,1.35,2.2,2.45,2.8800001,1.96,1.22,2.23,0.91000003,1.02,1.8,3.0799999,1.71,0.95999998,0.25999999,1.16,2.1199999,0.75,1.34,0.25999999,2.03,0.81999999,1.42,0.86000001,1.71,1.96,2.3900001,1.47,0.73000002,1.74,0.41999999,0.52999997,1.3099999,2.5899999
Pakistan,PAK,Balochistan,Panjgur,10,15,232878,19.07,20.209999,13.81,19.549999,27.42,16.9,22.309999,11.91,34.360001,20.030001,21.24,24.190001,19.07,30.67,28.940001,19.65,15.38,22.690001,14.29,18.610001,19.629999,35.16,0.88999999,1,0.38,0.94,1.71,0.68000001,1.21,0.20999999,2.3900001,0.98000002,1.1,1.39,0.88999999,2.03,1.86,0.94999999,0.52999997,1.24,0.41999999,0.83999997,0.94,2.47,0.43000001,0.50999999,0.02,0.44999999,1.22,0.22,0.72000003,0,1.9,0.5,0.63,0.89999998,0.43000001,1.54,1.37,0.46000001,0.1,0.75,0.02,0.36000001,0.46000001,1.98
Pakistan,PAK,Balochistan,Pishin,10,15,625051,35.810001,23.85,20.450001,25.43,34.029999,26.65,30.120001,18.24,32.75,20.610001,26.459999,24.15,35.810001,35.259998,34.619999,30.280001,23.629999,34.990002,22.030001,21.549999,32.25,38.310001,2.53,1.36,1.02,1.51,2.3599999,1.63,1.97,0.81,2.23,1.04,1.61,1.39,2.53,2.48,2.4100001,1.99,1.34,2.45,1.1799999,1.13,2.1800001,2.77,2.04,0.87,0.52999997,1.02,1.87,1.14,1.48,0.31999999,1.74,0.55000001,1.12,0.89999998,2.04,1.99,1.92,1.5,0.85000002,1.96,0.69,0.63999999,1.6900001,2.28
Pakistan,PAK,Balochistan,Quetta,10,15,2045152,38.709999,26.120001,21.360001,27.25,35.360001,29.219999,31.57,19.790001,34.52,22.25,29.75,27.99,38.709999,36.41,38.240002,31.379999,26.01,35.389999,23.25,23.059999,33.540001,39.810001,2.8099999,1.58,1.11,1.6900001,2.48,1.88,2.1099999,0.95999998,2.4000001,1.2,1.9400001,1.76,2.8099999,2.5899999,2.77,2.0999999,1.5700001,2.49,1.3,1.28,2.3099999,2.9200001,2.3199999,1.09,0.62,1.2,1.99,1.39,1.62,0.47,1.91,0.70999998,1.45,1.27,2.3199999,2.0999999,2.28,1.61,1.08,2,0.81,0.79000002,1.8200001,2.4300001
Pakistan,PAK,Balochistan,Sheerani,10,15,70086,33.509998,23.68,24.24,34.34,40.77,19.440001,23.219999,16.35,20.77,16.43,22.450001,36.790001,33.509998,44.41,43.740002,37.18,36.560001,45.09,33.470001,36.220001,39.540001,46.299999,2.3,1.34,1.4,2.3900001,3.02,0.93000001,1.3,0.62,1.0599999,0.63,1.22,2.6300001,2.3,3.3699999,3.3099999,2.6600001,2.5999999,3.4400001,2.3,2.5699999,2.8900001,3.5599999,1.8099999,0.85000002,0.91000003,1.9,2.53,0.44,0.81,0.14,0.56999999,0.14,0.73000002,2.1400001,1.8099999,2.8800001,2.8199999,2.1700001,2.1099999,2.95,1.8099999,2.0799999,2.4000001,3.0699999
Pakistan,PAK,Balochistan,Sibi,10,15,160456,32,28.219999,26.709999,28.540001,43.209999,26.290001,34.080002,22.299999,36.459999,20.67,29.24,29.23,32,31.860001,33.91,28.76,28.67,36.98,23.9,27.540001,36.790001,41.830002,2.1600001,1.79,1.64,1.8200001,3.25,1.6,2.3599999,1.21,2.5899999,1.05,1.89,1.88,2.1600001,2.1400001,2.3399999,1.84,1.83,2.6400001,1.36,1.72,2.6300001,3.1199999,1.67,1.3,1.15,1.33,2.76,1.11,1.87,0.72000003,2.0999999,0.56,1.4,1.39,1.67,1.65,1.85,1.35,1.34,2.1500001,0.87,1.23,2.1400001,2.6300001
Pakistan,PAK,Balochistan,Sohbatpur,10,15,80593,55.169998,43.439999,42.360001,51.049999,66.559998,45.040001,57.34,40.25,53.849998,38.919998,51.639999,51.23,55.169998,57.130001,60.779999,51.34,50.790001,60.880001,47.830002,56.02,68.029999,63.889999,4.4299998,3.28,3.1700001,4.02,5.54,3.4300001,4.6399999,2.96,4.3000002,2.8299999,4.0799999,4.04,4.4299998,4.6199999,4.98,4.0500002,4,4.9899998,3.71,4.5100002,5.6900001,5.2800002,3.9400001,2.79,2.6800001,3.53,5.0500002,2.9400001,4.1500001,2.47,3.8099999,2.3399999,3.5899999,3.55,3.9400001,4.1300001,4.4899998,3.5599999,3.51,4.5,3.22,4.02,5.1999998,4.79
Pakistan,PAK,Balochistan,Washuk,10,15,99194,22.969999,22.049999,16.57,22.59,31.389999,19.76,24.190001,14.73,34.59,22.01,27.120001,24.74,22.969999,32.459999,32.880001,24.67,19.629999,25.030001,16.950001,21.02,23.870001,39.080002,1.27,1.1799999,0.63999999,1.23,2.0999999,0.95999998,1.39,0.46000001,2.4100001,1.1799999,1.6799999,1.4400001,1.27,2.2,2.24,1.4400001,0.94,1.47,0.68000001,1.08,1.36,2.8499999,0.77999997,0.69,0.18000001,0.74000001,1.61,0.47,0.89999998,0.079999998,1.92,0.69,1.1900001,0.94999999,0.77999997,1.71,1.75,0.94999999,0.46000001,0.98000002,0.27000001,0.58999997,0.87,2.3599999
Pakistan,PAK,Balochistan,Zhob,10,15,298203,32.360001,19.209999,20.219999,30.559999,40.279999,16.17,19.969999,13.36,19.17,13.81,19.65,34.689999,32.360001,43.220001,42.939999,36.240002,35.82,45.25,30.51,32.669998,35.259998,44.25,2.1900001,0.89999998,1,2.02,2.97,0.60000002,0.98000002,0.33000001,0.89999998,0.37,0.94999999,2.4200001,2.1900001,3.26,3.23,2.5699999,2.53,3.45,2.01,2.22,2.48,3.3599999,1.7,0.41,0.50999999,1.53,2.48,0.12,0.49000001,0,0.41,0,0.46000001,1.9299999,1.7,2.77,2.74,2.0799999,2.04,2.96,1.52,1.73,1.99,2.8699999
Pakistan,PAK,Balochistan,Ziarat,10,15,132600,29.58,22.26,20.129999,23.68,31.6,21.18,25.67,16.51,26.440001,16.360001,24.129999,25.610001,29.58,32.75,31.26,26.66,24.709999,32.720001,22.52,22.57,29.75,38.439999,1.92,1.2,0.99000001,1.34,2.1199999,1.1,1.54,0.63999999,1.61,0.62,1.38,1.53,1.92,2.23,2.0799999,1.63,1.4400001,2.23,1.23,1.23,1.9400001,2.79,1.4299999,0.70999998,0.5,0.85000002,1.63,0.61000001,1.05,0.15000001,1.12,0.14,0.88999999,1.04,1.4299999,1.74,1.59,1.14,0.94999999,1.74,0.74000001,0.74000001,1.45,2.3
Pakistan,PAK,Federal Capital Territory,Islamabad,10,15,2843239,43.52,38.16,45.73,48.09,46.459999,40.759998,41.639999,37.060001,38.959999,41.889999,44.810001,40.02,43.52,45.18,52.779999,51.919998,47.630001,44.560001,55.990002,47.470001,54.150002,42.049999,3.28,2.76,3.5,3.73,3.5699999,3.01,3.0999999,2.6500001,2.8399999,3.1300001,3.4100001,2.9400001,3.28,3.45,4.1900001,4.1100001,3.6900001,3.3900001,4.5100002,3.6700001,4.3299999,3.1400001,2.79,2.27,3.01,3.24,3.0799999,2.52,2.6099999,2.1600001,2.3499999,2.6400001,2.9200001,2.45,2.79,2.96,3.7,3.6199999,3.2,2.9000001,4.02,3.1800001,3.8399999,2.6500001
Pakistan,PAK,Gilgit-Baltistan,,10,15,1102572,18.059999,21.98,23.559999,15.4,17.709999,20.559999,21.969999,18.969999,20.15,20.389999,23.4,18.34,18.059999,17.940001,19.200001,18.6,16.700001,17.219999,16.93,18.059999,21.040001,18.120001,0.79000002,1.17,1.33,0.52999997,0.75999999,1.04,1.17,0.88,1,1.02,1.3099999,0.81999999,0.79000002,0.77999997,0.89999998,0.83999997,0.66000003,0.70999998,0.68000001,0.79000002,1.08,0.80000001,0.33000001,0.69,0.85000002,0.18000001,0.30000001,0.56,0.69,0.41999999,0.51999998,0.55000001,0.82999998,0.37,0.33000001,0.38,0.43000001,0.38999999,0.23999999,0.28999999,0.28999999,0.36000001,0.61000001,0.37
Pakistan,PAK,Khyber Pakhtunkhwa,Abbottabad,10,15,1852594,27.440001,32.16,35.57,31.549999,32.66,26.969999,28.889999,25.059999,25.91,28.799999,30.809999,27.65,27.440001,30.5,37.369999,33.490002,30.24,30.48,38.189999,33.459999,37.630001,30.780001,1.71,2.1700001,2.51,2.1099999,2.22,1.66,1.85,1.48,1.5599999,1.84,2.04,1.73,1.71,2.01,2.6800001,2.3,1.98,2.01,2.76,2.3,2.71,2.04,1.22,1.6799999,2.02,1.62,1.73,1.17,1.36,0.99000001,1.0700001,1.35,1.55,1.24,1.22,1.52,2.1900001,1.8099999,1.49,1.52,2.27,1.8099999,2.22,1.55
Pakistan,PAK,Khyber Pakhtunkhwa,Bajaur,10,15,1031502,23.049999,34.59,41.779999,27.26,29.280001,22.65,25.959999,22.84,23.690001,25.1,26.030001,24.360001,23.049999,27.99,30.9,30.59,28.280001,28.379999,29.77,28.780001,34.209999,28.530001,1.28,2.4100001,3.1099999,1.6900001,1.89,1.24,1.5599999,1.26,1.34,1.48,1.5700001,1.41,1.28,1.76,2.05,2.02,1.79,1.8,1.9400001,1.84,2.3699999,1.8200001,0.79000002,1.92,2.6199999,1.2,1.4,0.75,1.0700001,0.76999998,0.85000002,0.99000001,1.08,0.92000002,0.79000002,1.27,1.5599999,1.53,1.3,1.3099999,1.45,1.35,1.88,1.33
Pakistan,PAK,Khyber Pakhtunkhwa,Bannu,10,15,1062629,36.139999,35.689999,40.630001,44.48,43.459999,29.67,34.759998,28.440001,28.25,30.299999,33.360001,35.130001,36.139999,42.34,39.349998,42.650002,41.16,44.34,43.27,42.98,47.450001,41.48,2.5599999,2.52,3,3.3800001,3.28,1.9299999,2.4300001,1.8099999,1.79,1.99,2.29,2.46,2.5599999,3.1700001,2.8800001,3.2,3.05,3.3699999,3.26,3.23,3.6700001,3.0799999,2.0699999,2.03,2.51,2.8900001,2.79,1.4400001,1.9400001,1.3200001,1.3,1.5,1.8,1.97,2.0699999,2.6800001,2.3900001,2.71,2.5599999,2.8800001,2.77,2.74,3.1800001,2.5899999
Pakistan,PAK,Khyber Pakhtunkhwa,Batagram,10,15,436123,24.940001,32.59,38.200001,27.99,29.34,26.41,28.23,25.26,26.68,27.059999,29.57,26.91,24.940001,28.35,34.669998,31.549999,28.52,28.43,31.85,31.700001,34.139999,29.43,1.46,2.21,2.76,1.76,1.89,1.61,1.79,1.5,1.63,1.67,1.92,1.66,1.46,1.8,2.4200001,2.1099999,1.8200001,1.8099999,2.1400001,2.1300001,2.3699999,1.9,0.97000003,1.72,2.27,1.27,1.4,1.12,1.3,1.01,1.14,1.1799999,1.4299999,1.17,0.97000003,1.3099999,1.9299999,1.62,1.33,1.3200001,1.65,1.64,1.88,1.41
Pakistan,PAK,Khyber Pakhtunkhwa,Buner,10,15,711817,28.1,32.810001,38.580002,31.950001,33.34,28.360001,31.040001,26.610001,27.58,29.940001,32.470001,28.4,28.1,30.41,38.32,36.130001,33.310001,32.259998,38.470001,35.709999,39.369999,31.23,1.77,2.24,2.8,2.1500001,2.29,1.8,2.0599999,1.63,1.72,1.95,2.2,1.8,1.77,2,2.78,2.5599999,2.28,2.1800001,2.79,2.52,2.8800001,2.0799999,1.28,1.75,2.3099999,1.66,1.8,1.3099999,1.5700001,1.14,1.23,1.46,1.71,1.3099999,1.28,1.51,2.29,2.0699999,1.79,1.6900001,2.3,2.03,2.3900001,1.59
Pakistan,PAK,Khyber Pakhtunkhwa,Charsadda,10,15,1832217,36.330002,37.560001,44.650002,37.369999,39.57,36.490002,38.540001,33.779999,33.59,37.599998,38.939999,33.380001,36.330002,39.619999,45.16,46.57,42.049999,40.5,44.490002,40.66,48.650002,37.91,2.5799999,2.7,3.4000001,2.6800001,2.9000001,2.5999999,2.8,2.3299999,2.3099999,2.7,2.8399999,2.29,2.5799999,2.9000001,3.45,3.5799999,3.1400001,2.99,3.3800001,3,3.79,2.74,2.0899999,2.21,2.9100001,2.1900001,2.4100001,2.1099999,2.3099999,1.84,1.8200001,2.21,2.3499999,1.8,2.0899999,2.4100001,2.96,3.0899999,2.6500001,2.5,2.8900001,2.51,3.3,2.25
Pakistan,PAK,Khyber Pakhtunkhwa,Chitral,10,15,403202,21.040001,25.48,30.68,21.860001,23.09,24.76,24.969999,23.059999,27.07,23.549999,27.950001,24.200001,21.040001,28.84,25.82,28.469999,23.98,24.540001,22.709999,23.780001,27.4,25.41,1.08,1.52,2.03,1.16,1.28,1.45,1.47,1.28,1.67,1.33,1.76,1.39,1.08,1.85,1.55,1.8099999,1.37,1.4299999,1.25,1.35,1.71,1.51,0.58999997,1.03,1.54,0.67000002,0.79000002,0.95999998,0.98000002,0.79000002,1.1799999,0.83999997,1.27,0.89999998,0.58999997,1.36,1.0599999,1.3200001,0.88999999,0.94,0.76999998,0.86000001,1.22,1.02
Pakistan,PAK,Khyber Pakhtunkhwa,Dera Ismail Khan,10,15,2033609,37.700001,35.529999,42.119999,48.27,45.759998,31.49,36.669998,28.440001,31.09,31.24,34.779999,39.669998,37.700001,42.119999,42.990002,44.16,41.830002,45.439999,47.849998,44.349998,51.290001,44.369999,2.71,2.5,3.1500001,3.75,3.5,2.1099999,2.6099999,1.8099999,2.0699999,2.0799999,2.4300001,2.9100001,2.71,3.1500001,3.23,3.3499999,3.1199999,3.47,3.71,3.3699999,4.0500002,3.3699999,2.22,2.01,2.6600001,3.26,3.01,1.62,2.1199999,1.3200001,1.58,1.59,1.9400001,2.4200001,2.22,2.6600001,2.74,2.8599999,2.6300001,2.98,3.22,2.8800001,3.5599999,2.8800001
Pakistan,PAK,Khyber Pakhtunkhwa,FR Bannu,10,15,39562,34.599998,34.869999,36.970001,45.529999,43.189999,25.68,29.129999,24.66,24.549999,25.889999,28.200001,35.639999,34.599998,41.75,37.73,42.16,40.540001,42.5,42.650002,42.639999,46.490002,41.43,2.4100001,2.4400001,2.6400001,3.48,3.25,1.54,1.87,1.4400001,1.4299999,1.5599999,1.78,2.51,2.4100001,3.1099999,2.72,3.1500001,2.99,3.1900001,3.2,3.2,3.5799999,3.0799999,1.92,1.95,2.1500001,2.99,2.76,1.05,1.38,0.94999999,0.94,1.0700001,1.29,2.02,1.92,2.6199999,2.23,2.6600001,2.5,2.7,2.71,2.71,3.0899999,2.5899999
Pakistan,PAK,Khyber Pakhtunkhwa,FR Dera Ismail Khan,10,15,96203,35.110001,31.57,31.51,41.439999,41.09,24.93,29.18,21.91,24.76,22.25,26.82,39.27,35.110001,44.779999,44.189999,39.93,39.98,47.389999,39.84,43.02,46.450001,46.810001,2.46,2.1099999,2.1099999,3.0799999,3.05,1.46,1.88,1.17,1.45,1.2,1.65,2.8699999,2.46,3.4100001,3.3499999,2.9300001,2.9400001,3.6600001,2.9200001,3.24,3.5699999,3.6099999,1.97,1.62,1.62,2.5899999,2.5599999,0.97000003,1.39,0.68000001,0.95999998,0.70999998,1.16,2.3800001,1.97,2.9200001,2.8599999,2.4400001,2.45,3.1700001,2.4300001,2.75,3.0799999,3.1199999
Pakistan,PAK,Khyber Pakhtunkhwa,FR Kohat,10,15,153093,30.23,32.549999,36.950001,37.279999,36.560001,28.190001,28.99,24.85,25.68,27.23,28.83,29.309999,30.23,35.240002,37.970001,40.529999,36.650002,35.049999,40.279999,37.459999,43.970001,34.470001,1.98,2.21,2.6400001,2.6700001,2.5999999,1.78,1.86,1.46,1.54,1.6900001,1.85,1.89,1.98,2.47,2.74,2.99,2.6099999,2.46,2.97,2.6900001,3.3299999,2.4000001,1.49,1.72,2.1500001,2.1800001,2.1099999,1.29,1.37,0.97000003,1.05,1.2,1.36,1.4,1.49,1.98,2.25,2.5,2.1199999,1.97,2.48,2.2,2.8399999,1.91
Pakistan,PAK,Khyber Pakhtunkhwa,FR Lakki Marwat,10,15,18613,33.02,30.43,33.830002,41.110001,40.939999,22.559999,28.530001,21.620001,23.190001,22.49,25.08,33.82,33.02,39.490002,37.040001,38.560001,36.09,41.459999,37.43,39.700001,43.310001,41.220001,2.26,2,2.3399999,3.05,3.03,1.23,1.8200001,1.14,1.29,1.22,1.48,2.3299999,2.26,2.8900001,2.6500001,2.8,2.5599999,3.0799999,2.6900001,2.9100001,3.26,3.0599999,1.77,1.51,1.85,2.5599999,2.54,0.74000001,1.33,0.64999998,0.80000001,0.73000002,0.99000001,1.84,1.77,2.4000001,2.1600001,2.3099999,2.0699999,2.5899999,2.2,2.4200001,2.77,2.5699999
Pakistan,PAK,Khyber Pakhtunkhwa,FR Peshawar,10,15,97286,31.879999,32.389999,37.799999,39.18,38.220001,30.049999,31.629999,26.639999,27.68,29.559999,30.82,30.790001,31.879999,36.490002,40.52,43.139999,38.23,36.380001,43.759998,39.27,44.889999,34.59,2.1400001,2.1900001,2.72,2.8599999,2.77,1.97,2.1199999,1.63,1.73,1.92,2.04,2.04,2.1400001,2.5999999,2.99,3.25,2.77,2.5799999,3.3099999,2.8699999,3.4200001,2.4100001,1.65,1.7,2.23,2.3699999,2.28,1.48,1.63,1.14,1.24,1.4299999,1.55,1.55,1.65,2.1099999,2.5,2.76,2.28,2.0899999,2.8199999,2.3800001,2.9300001,1.92
Pakistan,PAK,Khyber Pakhtunkhwa,FR Tank,10,15,62596,33.830002,30.709999,33.049999,42.630001,41.48,22.57,27.9,21.42,23.780001,22.99,25.690001,35.610001,33.830002,41.5,38.98,38.98,38.049999,42.669998,38.84,41.279999,45.450001,42.459999,2.3399999,2.03,2.26,3.2,3.0799999,1.23,1.75,1.12,1.35,1.27,1.54,2.51,2.3399999,3.0899999,2.8399999,2.8399999,2.75,3.2,2.8299999,3.0699999,3.47,3.1800001,1.85,1.54,1.77,2.71,2.5899999,0.74000001,1.26,0.63,0.86000001,0.77999997,1.05,2.02,1.85,2.5999999,2.3499999,2.3499999,2.26,2.71,2.3399999,2.5799999,2.98,2.6900001
Pakistan,PAK,Khyber Pakhtunkhwa,Hangu,10,15,636755,31.440001,31.879999,37.02,39.029999,40.560001,26.030001,29.530001,25.469999,25.91,27.33,29.6,31.809999,31.440001,38.200001,35.509998,37.98,35.990002,37.82,38.459999,39.139999,43.150002,37.82,2.0999999,2.1400001,2.6500001,2.8399999,3,1.5700001,1.91,1.52,1.5599999,1.7,1.92,2.1400001,2.0999999,2.76,2.5,2.74,2.55,2.73,2.79,2.8599999,3.25,2.73,1.61,1.65,2.1600001,2.3499999,2.51,1.08,1.42,1.03,1.0700001,1.21,1.4299999,1.65,1.61,2.27,2.01,2.25,2.0599999,2.24,2.3,2.3699999,2.76,2.24
Pakistan,PAK,Khyber Pakhtunkhwa,Haripur,10,15,1419557,35.049999,34.5,40.200001,39.299999,40.279999,34.900002,37.040001,31.17,33.599998,35.91,38.669998,33.02,35.049999,37.490002,43.490002,43.610001,40.259998,38.34,47.299999,40.880001,47.130001,36.439999,2.45,2.4000001,2.96,2.8699999,2.97,2.4400001,2.6500001,2.0699999,2.3099999,2.54,2.8099999,2.26,2.45,2.6900001,3.28,3.29,2.97,2.78,3.6600001,3.03,3.6400001,2.5899999,1.96,1.91,2.47,2.3800001,2.48,1.95,2.1600001,1.58,1.8200001,2.05,2.3199999,1.77,1.96,2.2,2.79,2.8,2.48,2.29,3.1700001,2.54,3.1500001,2.0999999
Pakistan,PAK,Khyber Pakhtunkhwa,Karak,10,15,908448,31.5,32.790001,38.790001,42.740002,41.130001,25.969999,29.9,24.76,25.469999,26.809999,29.02,32.290001,31.5,38.889999,36.860001,40.049999,39.23,39.240002,41.43,39.970001,44.470001,38.110001,2.1099999,2.23,2.8199999,3.21,3.05,1.5599999,1.95,1.45,1.52,1.65,1.86,2.1800001,2.1099999,2.8299999,2.6300001,2.95,2.8599999,2.8699999,3.0799999,2.9400001,3.3800001,2.75,1.62,1.74,2.3299999,2.72,2.5599999,1.0700001,1.46,0.95999998,1.03,1.16,1.37,1.6900001,1.62,2.3399999,2.1400001,2.46,2.3699999,2.3800001,2.5899999,2.45,2.8900001,2.26
Pakistan,PAK,Khyber Pakhtunkhwa,Khyber,10,15,1175078,30.129999,33.349998,38.200001,33.740002,35.18,28.34,30.48,26.48,26.83,29.01,30.469999,29.379999,30.129999,36.080002,35.84,38.580002,35.099998,35.98,38.380001,35.720001,43.110001,36.360001,1.97,2.29,2.76,2.3299999,2.47,1.8,2.01,1.61,1.65,1.86,2.01,1.9,1.97,2.5599999,2.53,2.8,2.46,2.55,2.78,2.52,3.24,2.5799999,1.48,1.8,2.27,1.84,1.98,1.3099999,1.52,1.12,1.16,1.37,1.52,1.41,1.48,2.0699999,2.04,2.3099999,1.97,2.0599999,2.29,2.03,2.75,2.0899999
Pakistan,PAK,Khyber Pakhtunkhwa,Kohat,10,15,1357969,33,33.240002,40.029999,41.43,41.110001,30.57,32.07,27.6,28.92,29.98,32.41,32.57,33,39.360001,40.48,43.869999,40.639999,39.029999,44.59,42.259998,47.52,37.59,2.25,2.28,2.9400001,3.0799999,3.05,2.02,2.1600001,1.72,1.85,1.96,2.2,2.21,2.25,2.8800001,2.99,3.3199999,3,2.8399999,3.3900001,3.1600001,3.6800001,2.7,1.76,1.79,2.45,2.5899999,2.5599999,1.53,1.67,1.23,1.36,1.47,1.71,1.72,1.76,2.3900001,2.5,2.8299999,2.51,2.3499999,2.9000001,2.6700001,3.1900001,2.21
Pakistan,PAK,Khyber Pakhtunkhwa,Kohistan,10,15,128387,25.24,31.450001,36.939999,27.08,28.91,27.969999,28.92,26.690001,28.68,27.75,31.450001,28.85,25.24,31.280001,33.689999,33.080002,28.459999,29.01,29.889999,30.08,33.959999,30.110001,1.49,2.0999999,2.6400001,1.67,1.85,1.76,1.85,1.64,1.83,1.74,2.0999999,1.85,1.49,2.0799999,2.3199999,2.26,1.8099999,1.86,1.95,1.97,2.3499999,1.97,1,1.61,2.1500001,1.1799999,1.36,1.27,1.36,1.15,1.34,1.25,1.61,1.36,1,1.59,1.83,1.77,1.3200001,1.37,1.46,1.48,1.86,1.48
Pakistan,PAK,Khyber Pakhtunkhwa,Kurram,10,15,475764,30.66,27.299999,32.549999,35.43,36.91,22.67,23.559999,20.76,22.16,21.799999,24.49,32.450001,30.66,39.48,35.720001,38.490002,33.259998,39.259998,34.110001,35.689999,42.220001,39,2.02,1.7,2.21,2.49,2.6400001,1.24,1.33,1.05,1.1900001,1.16,1.42,2.2,2.02,2.8900001,2.52,2.79,2.28,2.8699999,2.3599999,2.52,3.1600001,2.8399999,1.53,1.21,1.72,2,2.1500001,0.75,0.83999997,0.56,0.69999999,0.67000002,0.93000001,1.71,1.53,2.4000001,2.03,2.3,1.79,2.3800001,1.87,2.03,2.6700001,2.3499999
Pakistan,PAK,Khyber Pakhtunkhwa,Lakki Marwat,10,15,1308969,34.040001,34.509998,41.549999,44.02,41.889999,27.4,33,25.74,27.440001,28.030001,30.76,34.41,34.040001,39.830002,38.279999,40.900002,39.299999,42.93,42.639999,40.849998,46.240002,40.720001,2.3599999,2.4000001,3.0899999,3.3299999,3.1300001,1.71,2.25,1.54,1.71,1.77,2.03,2.3900001,2.3599999,2.9200001,2.77,3.03,2.8699999,3.23,3.2,3.02,3.55,3.01,1.87,1.91,2.5999999,2.8399999,2.6400001,1.22,1.76,1.05,1.22,1.28,1.54,1.9,1.87,2.4300001,2.28,2.54,2.3800001,2.74,2.71,2.53,3.0599999,2.52
Pakistan,PAK,Khyber Pakhtunkhwa,Lower Dir,10,15,1456402,23.879999,35.419998,41.119999,27.66,29.67,24.27,27.450001,24.299999,25.41,26.9,27.790001,25.27,23.879999,28.57,32.360001,31.950001,30.16,28.83,30.540001,29.42,34.16,28.26,1.36,2.49,3.05,1.73,1.9299999,1.4,1.71,1.4,1.51,1.66,1.74,1.5,1.36,1.8200001,2.1900001,2.1500001,1.98,1.85,2.01,1.9,2.3699999,1.79,0.87,2,2.5599999,1.24,1.4400001,0.91000003,1.22,0.91000003,1.02,1.17,1.25,1.01,0.87,1.33,1.7,1.66,1.49,1.36,1.52,1.41,1.88,1.3
Pakistan,PAK,Khyber Pakhtunkhwa,Malakand PA,10,15,826028,29.139999,34.720001,40.41,31.040001,32.599998,30.08,33.169998,29.6,29.360001,33.16,33.75,28.18,29.139999,32.369999,37.040001,38.040001,35.540001,32.77,36.77,33.959999,41.110001,32.669998,1.88,2.4200001,2.98,2.0599999,2.22,1.97,2.27,1.92,1.9,2.27,2.3299999,1.78,1.88,2.1900001,2.6500001,2.75,2.5,2.23,2.6199999,2.3499999,3.05,2.22,1.39,1.9299999,2.49,1.5700001,1.73,1.48,1.78,1.4299999,1.41,1.78,1.84,1.29,1.39,1.7,2.1600001,2.26,2.01,1.74,2.1300001,1.86,2.5599999,1.73
Pakistan,PAK,Khyber Pakhtunkhwa,Mansehra,10,15,2190485,26.84,32.209999,36.849998,29.6,31.780001,26.85,28.459999,24.549999,26.299999,28.73,30.370001,27.51,26.84,29.75,36.43,33.43,30.540001,30.02,37.540001,33.889999,36.98,30.129999,1.65,2.1800001,2.6300001,1.92,2.1300001,1.65,1.8099999,1.4299999,1.6,1.84,2,1.72,1.65,1.9400001,2.5899999,2.3,2.01,1.96,2.7,2.3399999,2.6400001,1.97,1.16,1.6900001,2.1400001,1.4299999,1.64,1.16,1.3200001,0.94,1.11,1.35,1.51,1.23,1.16,1.45,2.0999999,1.8099999,1.52,1.47,2.21,1.85,2.1500001,1.48
Pakistan,PAK,Khyber Pakhtunkhwa,Mardan,10,15,2323673,36.450001,37.310001,43.779999,40.560001,40.93,36.669998,39.68,34.799999,34.470001,38.279999,40.5,34.549999,36.450001,40.310001,47.650002,47.810001,43.290001,41.169998,46.330002,42.009998,48.950001,38.290001,2.5899999,2.6800001,3.3099999,2.99,3.03,2.6099999,2.9100001,2.4300001,2.4000001,2.77,2.99,2.4100001,2.5899999,2.97,3.6900001,3.71,3.26,3.05,3.5599999,3.1400001,3.8199999,2.77,2.0999999,2.1900001,2.8199999,2.5,2.54,2.1199999,2.4200001,1.9400001,1.91,2.28,2.5,1.92,2.0999999,2.48,3.2,3.22,2.77,2.5599999,3.0699999,2.6500001,3.3299999,2.28
Pakistan,PAK,Khyber Pakhtunkhwa,Mohmand,10,15,810389,25.049999,35.82,42.419998,29.57,31.280001,24.65,27.360001,23.73,24.030001,25.84,27.25,25.74,25.049999,30.51,31.889999,33.060001,30.450001,31.32,32.900002,31.24,37.790001,31.379999,1.47,2.53,3.1800001,1.92,2.0799999,1.4400001,1.7,1.35,1.38,1.55,1.6900001,1.54,1.47,2.01,2.1500001,2.26,2,2.0899999,2.24,2.0799999,2.72,2.0999999,0.98000002,2.04,2.6900001,1.4299999,1.59,0.94999999,1.21,0.86000001,0.88999999,1.0599999,1.2,1.05,0.98000002,1.52,1.66,1.77,1.51,1.6,1.75,1.59,2.23,1.61
Pakistan,PAK,Khyber Pakhtunkhwa,North Waziristan,10,15,981011,34.119999,29.42,32.450001,42.259998,41.599998,21.440001,24.610001,20.32,21.120001,21.459999,24.77,36.860001,34.119999,43.220001,39.77,42.02,38.279999,44.799999,38.779999,40.290001,45.669998,43.150002,2.3599999,1.9,2.2,3.1600001,3.0999999,1.12,1.4299999,1.01,1.09,1.12,1.45,2.6300001,2.3599999,3.26,2.9200001,3.1400001,2.77,3.4100001,2.8199999,2.97,3.5,3.25,1.87,1.41,1.71,2.6700001,2.6099999,0.63,0.94,0.51999998,0.60000002,0.63,0.95999998,2.1400001,1.87,2.77,2.4300001,2.6500001,2.28,2.9200001,2.3299999,2.48,3.01,2.76
Pakistan,PAK,Khyber Pakhtunkhwa,Nowshera,10,15,1757078,38.23,38.060001,45,43,43.279999,37.32,38.799999,34.040001,35.139999,37.630001,39.400002,36.09,38.23,42.360001,49.549999,50.470001,44.150002,43.060001,50.360001,44.759998,51.41,39.439999,2.77,2.75,3.4300001,3.23,3.26,2.6800001,2.8199999,2.3599999,2.46,2.71,2.8800001,2.5599999,2.77,3.1700001,3.8800001,3.97,3.3499999,3.24,3.96,3.4100001,4.0599999,2.8900001,2.28,2.26,2.9400001,2.74,2.77,2.1900001,2.3299999,1.87,1.97,2.22,2.3900001,2.0699999,2.28,2.6800001,3.3900001,3.48,2.8599999,2.75,3.47,2.9200001,3.5699999,2.4000001
Pakistan,PAK,Khyber Pakhtunkhwa,Orakzai,10,15,314971,27.690001,29.459999,35.029999,30.360001,32.720001,23.360001,25.48,21.309999,22.709999,23.959999,26.1,27.129999,27.690001,32.07,31.58,33.099998,29.559999,32.400002,31.75,32.049999,37.330002,32.830002,1.73,1.91,2.45,1.99,2.23,1.3099999,1.52,1.11,1.25,1.37,1.58,1.6799999,1.73,2.1600001,2.1099999,2.26,1.92,2.2,2.1300001,2.1600001,2.6800001,2.24,1.24,1.42,1.96,1.5,1.74,0.81999999,1.03,0.62,0.75999999,0.88,1.09,1.1900001,1.24,1.67,1.62,1.77,1.4299999,1.71,1.64,1.67,2.1900001,1.75
Pakistan,PAK,Khyber Pakhtunkhwa,Peshawar,10,15,4516994,40.400002,40.709999,47.189999,41.169998,43.169998,39.75,42.349998,37.48,37.849998,40.82,42.52,37.060001,40.400002,44.080002,47.220001,49.299999,45.439999,44.669998,48.189999,44.560001,52.5,42.25,2.98,3.01,3.6400001,3.05,3.25,2.9200001,3.1700001,2.6900001,2.73,3.02,3.1900001,2.6500001,2.98,3.3399999,3.6500001,3.8499999,3.47,3.4000001,3.74,3.3900001,4.1599998,3.1600001,2.49,2.52,3.1500001,2.5599999,2.76,2.4300001,2.6800001,2.2,2.24,2.53,2.7,2.1600001,2.49,2.8499999,3.1600001,3.3599999,2.98,2.9100001,3.25,2.9000001,3.6700001,2.6700001
Pakistan,PAK,Khyber Pakhtunkhwa,Shangla,10,15,574532,24.32,33.029999,39.48,27.42,29.049999,26.01,27.23,25.129999,26.23,26.68,29.02,25.799999,24.32,28.030001,33.57,30.969999,28.440001,28.23,30.66,30.65,33.080002,29.07,1.4,2.26,2.8900001,1.71,1.87,1.5700001,1.6900001,1.48,1.59,1.63,1.86,1.55,1.4,1.77,2.3099999,2.0599999,1.8099999,1.79,2.02,2.02,2.26,1.87,0.91000003,1.77,2.4000001,1.22,1.38,1.08,1.2,0.99000001,1.1,1.14,1.37,1.0599999,0.91000003,1.28,1.8200001,1.5700001,1.3200001,1.3,1.53,1.53,1.77,1.38
Pakistan,PAK,Khyber Pakhtunkhwa,South Waziristan,10,15,734643,34.09,24.25,27.65,38.139999,41.849998,19.219999,22.18,17.129999,19.84,18.41,22.309999,35.07,34.09,42.790001,40.900002,39.130001,35.330002,45.009998,35.919998,37.450001,42.290001,43.509998,2.3599999,1.4,1.73,2.76,3.1199999,0.89999998,1.1900001,0.69999999,0.95999998,0.81999999,1.21,2.46,2.3599999,3.21,3.03,2.8499999,2.48,3.4300001,2.54,2.6900001,3.1600001,3.28,1.87,0.91000003,1.24,2.27,2.6300001,0.41,0.69999999,0.20999999,0.47,0.33000001,0.72000003,1.97,1.87,2.72,2.54,2.3599999,1.99,2.9400001,2.05,2.2,2.6700001,2.79
Pakistan,PAK,Khyber Pakhtunkhwa,Swabi,10,15,1523151,37.259998,36.990002,44.07,43.009998,43.360001,37.310001,39.34,33.009998,34.810001,36.959999,40.369999,35.189999,37.259998,40.189999,49.049999,48.650002,43.299999,42.040001,49.68,44.279999,51.48,38.59,2.6700001,2.6500001,3.3399999,3.23,3.27,2.6800001,2.8800001,2.25,2.4300001,2.6400001,2.98,2.47,2.6700001,2.96,3.8299999,3.79,3.26,3.1400001,3.8900001,3.3599999,4.0599999,2.8,2.1800001,2.1600001,2.8499999,2.74,2.78,2.1900001,2.3900001,1.76,1.9400001,2.1500001,2.49,1.98,2.1800001,2.47,3.3399999,3.3,2.77,2.6500001,3.4000001,2.8699999,3.5699999,2.3099999
Pakistan,PAK,Khyber Pakhtunkhwa,Swat,10,15,1569977,25.65,34.669998,41.009998,29.34,31.709999,27.129999,29.66,26.780001,28.030001,28.5,30.530001,27.959999,25.65,30.389999,35,33.75,31.299999,31.32,32.630001,31.889999,35.169998,30.84,1.53,2.4200001,3.04,1.9,2.1300001,1.6799999,1.9299999,1.64,1.77,1.8099999,2.01,1.76,1.53,2,2.45,2.3299999,2.0899999,2.0899999,2.22,2.1500001,2.47,2.04,1.04,1.9299999,2.55,1.41,1.64,1.1900001,1.4400001,1.15,1.28,1.3200001,1.52,1.27,1.04,1.51,1.96,1.84,1.6,1.6,1.73,1.66,1.98,1.55
Pakistan,PAK,Khyber Pakhtunkhwa,Tank,10,15,530160,35.119999,34.360001,37.240002,43.09,41.889999,26.799999,31.780001,24.690001,26.1,26.35,29.59,36.529999,35.119999,40.950001,40.099998,40.240002,39.400002,43.389999,40.43,42.34,46.549999,42.490002,2.46,2.3900001,2.6700001,3.24,3.1199999,1.65,2.1300001,1.4400001,1.58,1.6,1.92,2.5999999,2.46,3.03,2.95,2.96,2.8800001,3.27,2.98,3.1700001,3.5799999,3.1800001,1.97,1.9,2.1800001,2.75,2.6300001,1.16,1.64,0.94999999,1.09,1.11,1.4299999,2.1099999,1.97,2.54,2.46,2.47,2.3900001,2.78,2.49,2.6800001,3.0899999,2.6900001
Pakistan,PAK,Khyber Pakhtunkhwa,Tor Ghar,10,15,65332,25.24,32.040001,37.880001,28.76,29.68,25.620001,27.48,24.549999,25.9,26.370001,29.200001,25.83,25.24,27.9,33.77,31.9,29.469999,28.51,33.849998,31.700001,34.360001,28.860001,1.49,2.1600001,2.73,1.84,1.9299999,1.53,1.71,1.4299999,1.5599999,1.6,1.88,1.55,1.49,1.75,2.3299999,2.1500001,1.91,1.8099999,2.3399999,2.1300001,2.3900001,1.85,1,1.67,2.24,1.35,1.4400001,1.04,1.22,0.94,1.0700001,1.11,1.39,1.0599999,1,1.26,1.84,1.66,1.42,1.3200001,1.85,1.64,1.9,1.36
Pakistan,PAK,Khyber Pakhtunkhwa,Upper Dir,10,15,681680,22.93,34.57,40.880001,25.67,28.23,24.92,26.57,24.25,26.059999,26.66,28.23,25.59,22.93,28.879999,31.52,31.450001,28.09,27.639999,26.549999,27.540001,31.700001,28.15,1.27,2.4100001,3.03,1.54,1.79,1.46,1.62,1.4,1.5700001,1.63,1.79,1.53,1.27,1.85,2.1099999,2.0999999,1.77,1.73,1.62,1.72,2.1300001,1.78,0.77999997,1.92,2.54,1.05,1.3,0.97000003,1.13,0.91000003,1.08,1.14,1.3,1.04,0.77999997,1.36,1.62,1.61,1.28,1.24,1.13,1.23,1.64,1.29
Pakistan,PAK,Punjab,Attock,10,15,2917894,37.490002,34.189999,42.32,44.82,43.34,35.189999,36.18,30.530001,32.77,33.650002,37.389999,34.669998,37.490002,40.869999,47.27,48.529999,42.060001,40.73,50.07,43.369999,50.84,37.779999,2.6900001,2.3699999,3.1700001,3.4100001,3.27,2.47,2.5699999,2.01,2.23,2.3199999,2.6800001,2.4200001,2.6900001,3.03,3.6500001,3.78,3.1400001,3.01,3.9300001,3.27,4,2.72,2.2,1.88,2.6800001,2.9200001,2.78,1.98,2.0799999,1.52,1.74,1.83,2.1900001,1.9299999,2.2,2.54,3.1600001,3.29,2.6500001,2.52,3.4400001,2.78,3.51,2.23
Pakistan,PAK,Punjab,Bahawalnagar,10,15,3726914,57.029999,39.91,48.400002,46.5,55.110001,51.77,55.52,46.52,51.639999,47.889999,53.060001,56.139999,57.029999,54.450001,61.669998,55.459999,52.98,56.099998,57,54.93,66.040001,60.009998,4.6100001,2.9300001,3.76,3.5799999,4.4200001,4.0900002,4.46,3.5799999,4.0799999,3.71,4.2199998,4.52,4.6100001,4.3600001,5.0599999,4.4499998,4.21,4.52,4.6100001,4.4000001,5.4899998,4.9000001,4.1199999,2.4400001,3.27,3.0899999,3.9300001,3.5999999,3.97,3.0899999,3.5899999,3.22,3.73,4.0300002,4.1199999,3.8699999,4.5700002,3.96,3.72,4.0300002,4.1199999,3.9100001,5,4.4099998
Pakistan,PAK,Punjab,Bahawalpur,10,15,5024163,57.130001,43.759998,50.07,53.119999,63.389999,55.02,63.650002,49.169998,55.869999,48.400002,57.93,57.849998,57.130001,59.130001,66.339996,57.369999,57.509998,59.57,59.779999,56.209999,74.589996,65.239998,4.6199999,3.3099999,3.9300001,4.23,5.23,4.4099998,5.2600002,3.8399999,4.5,3.76,4.6999998,4.6900001,4.6199999,4.8099999,5.52,4.6399999,4.6599998,4.8600001,4.8800001,4.5300002,6.3299999,5.4099998,4.1300001,2.8199999,3.4400001,3.74,4.7399998,3.9200001,4.77,3.3499999,4.0100002,3.27,4.21,4.1999998,4.1300001,4.3200002,5.0300002,4.1500001,4.1700001,4.3699999,4.3899999,4.04,5.8400002,4.9200001
Pakistan,PAK,Punjab,Bhakkar,10,15,3218220,36.240002,33.139999,41.91,44.290001,42.09,31.860001,35.290001,28.16,30.299999,30.450001,33.82,36.860001,36.240002,38.93,40.84,40.849998,38.630001,40.529999,45.009998,40.529999,46.98,40.509998,2.5699999,2.27,3.1300001,3.3599999,3.1400001,2.1400001,2.48,1.78,1.99,2,2.3299999,2.6300001,2.5699999,2.8399999,3.02,3.02,2.8099999,2.99,3.4300001,2.99,3.6199999,2.99,2.0799999,1.78,2.6400001,2.8699999,2.6500001,1.65,1.99,1.29,1.5,1.51,1.84,2.1400001,2.0799999,2.3499999,2.53,2.53,2.3199999,2.5,2.9400001,2.5,3.1300001,2.5
Pakistan,PAK,Punjab,Chakwal,10,15,2750869,35.34,28.049999,35.759998,42.029999,39.220001,31.209999,31.950001,26.450001,28.73,29.51,33.029999,31.389999,35.34,37.41,41.700001,42.790001,36.830002,35.279999,45,38.959999,44.330002,34.549999,2.48,1.77,2.52,3.1400001,2.8599999,2.0799999,2.1500001,1.61,1.84,1.91,2.26,2.0999999,2.48,2.6900001,3.1099999,3.21,2.6300001,2.48,3.4300001,2.8399999,3.3599999,2.4100001,1.99,1.28,2.03,2.6500001,2.3699999,1.59,1.66,1.12,1.35,1.42,1.77,1.61,1.99,2.2,2.6199999,2.72,2.1400001,1.99,2.9400001,2.3499999,2.8699999,1.92
Pakistan,PAK,Punjab,Chiniot,10,15,1473352,43.16,29.34,35.560001,37.98,40.869999,37.919998,38.419998,33.900002,36.419998,37.52,39.279999,38.369999,43.16,41.650002,44.259998,43.099998,37.41,39.689999,51.330002,41.77,47.68,39.060001,3.25,1.9,2.5,2.74,3.03,2.74,2.79,2.3399999,2.5899999,2.7,2.8699999,2.78,3.25,3.0999999,3.3599999,3.24,2.6900001,2.9100001,4.0500002,3.1099999,3.6900001,2.8499999,2.76,1.41,2.01,2.25,2.54,2.25,2.3,1.85,2.0999999,2.21,2.3800001,2.29,2.76,2.6099999,2.8699999,2.75,2.2,2.4200001,3.5599999,2.6199999,3.2,2.3599999
Pakistan,PAK,Punjab,Dera Ghazi Khan,10,15,2599994,45.700001,40.209999,42.720001,52.369999,54.34,39.259998,46.900002,36.07,39.040001,37.830002,43.529999,50.200001,45.700001,51.099998,54.029999,50.540001,49.810001,53.080002,52.09,51.919998,60.509998,57.32,3.5,2.96,3.21,4.1500001,4.3499999,2.8699999,3.6199999,2.55,2.8499999,2.73,3.29,3.9400001,3.5,4.0300002,4.3200002,3.97,3.9000001,4.2199998,4.1199999,4.1100001,4.9499998,4.6399999,3.01,2.47,2.72,3.6600001,3.8599999,2.3800001,3.1300001,2.0599999,2.3599999,2.24,2.8,3.45,3.01,3.54,3.8299999,3.48,3.4100001,3.73,3.6300001,3.6199999,4.46,4.1500001
Pakistan,PAK,Punjab,Faisalabad,10,15,6818781,47.650002,31.32,37.150002,39.66,42.599998,41.34,39.82,36.540001,39.240002,40.610001,42.560001,42.68,47.650002,45.389999,49.66,47.369999,40.220001,42.23,54.380001,44.919998,49.330002,42.209999,3.6900001,2.0899999,2.6600001,2.9100001,3.2,3.0699999,2.9200001,2.5999999,2.8699999,3,3.1900001,3.2,3.6900001,3.47,3.8900001,3.6600001,2.96,3.1600001,4.3499999,3.4200001,3.8499999,3.1600001,3.2,1.6,2.1700001,2.4200001,2.71,2.5799999,2.4300001,2.1099999,2.3800001,2.51,2.7,2.71,3.2,2.98,3.4000001,3.1700001,2.47,2.6700001,3.8599999,2.9300001,3.3599999,2.6700001
Pakistan,PAK,Punjab,Gujranwala,10,15,4316252,45.75,33.459999,41.59,39.150002,41.630001,41.099998,39.970001,37.200001,38.330002,41.560001,46.91,42.110001,45.75,46.200001,48.91,48.48,41.099998,41.549999,55.419998,46.610001,53.919998,41.509998,3.5,2.3,3.0999999,2.8599999,3.0999999,3.05,2.9400001,2.6700001,2.78,3.0899999,3.6199999,3.1500001,3.5,3.55,3.8099999,3.77,3.05,3.0899999,4.4499998,3.5899999,4.3000002,3.0899999,3.01,1.8099999,2.6099999,2.3699999,2.6099999,2.5599999,2.45,2.1800001,2.29,2.5999999,3.1300001,2.6600001,3.01,3.0599999,3.3199999,3.28,2.5599999,2.5999999,3.96,3.0999999,3.8099999,2.5999999
Pakistan,PAK,Punjab,Gujrat,10,15,3281306,44.650002,33.619999,44.380001,41.48,44.34,41.110001,39.970001,35.68,38.099998,41.07,45.240002,39.689999,44.650002,43.52,48.040001,48.41,41.43,40.580002,55.349998,45.139999,51.619999,40.209999,3.4000001,2.3099999,3.3699999,3.0799999,3.3699999,3.05,2.9400001,2.52,2.75,3.04,3.45,2.9100001,3.4000001,3.28,3.73,3.76,3.0799999,3,4.4400001,3.4400001,4.0799999,2.96,2.9100001,1.8200001,2.8800001,2.5899999,2.8800001,2.5599999,2.45,2.03,2.26,2.55,2.96,2.4200001,2.9100001,2.79,3.24,3.27,2.5899999,2.51,3.95,2.95,3.5899999,2.47
Pakistan,PAK,Punjab,Hafizabad,10,15,1225729,43.580002,30.639999,39.23,36.84,40.110001,37.619999,38.060001,35.009998,36.389999,39.029999,42.470001,39.330002,43.580002,42.049999,46.240002,44.869999,38.330002,38.77,50.950001,42.759998,48.110001,38.799999,3.29,2.02,2.8599999,2.6300001,2.95,2.71,2.75,2.45,2.5899999,2.8399999,3.1800001,2.8699999,3.29,3.1400001,3.55,3.4200001,2.78,2.8199999,4.0100002,3.21,3.73,2.8199999,2.8,1.53,2.3699999,2.1400001,2.46,2.22,2.26,1.96,2.0999999,2.3499999,2.6900001,2.3800001,2.8,2.6500001,3.0599999,2.9300001,2.29,2.3299999,3.52,2.72,3.24,2.3299999
Pakistan,PAK,Punjab,Jhang,10,15,3384024,40.130001,30.389999,36.669998,37.630001,40.279999,35.610001,37.259998,31.139999,35.790001,35.330002,37.639999,38.52,40.130001,40.470001,42.860001,41.630001,36.889999,38.720001,47.139999,40.759998,45.34,39.830002,2.95,2,2.6099999,2.71,2.97,2.51,2.6700001,2.0699999,2.53,2.48,2.71,2.8,2.95,2.99,3.22,3.0999999,2.6400001,2.8099999,3.6400001,3.01,3.46,2.9200001,2.46,1.51,2.1199999,2.22,2.48,2.02,2.1800001,1.58,2.04,1.99,2.22,2.3099999,2.46,2.5,2.73,2.6099999,2.1500001,2.3199999,3.1500001,2.52,2.97,2.4300001
Pakistan,PAK,Punjab,Jhelum,10,15,1755754,41.77,31.51,41.700001,42.799999,43.560001,38.41,37.990002,32.380001,35.32,37.48,41.630001,36.029999,41.77,40.529999,47.130001,46.84,40.799999,38.049999,51.77,43.150002,48.599998,37.68,3.1099999,2.1099999,3.1099999,3.21,3.29,2.78,2.74,2.1900001,2.48,2.6900001,3.0999999,2.55,3.1099999,2.99,3.6400001,3.6099999,3.02,2.75,4.0900002,3.25,3.78,2.71,2.6199999,1.62,2.6199999,2.72,2.8,2.29,2.25,1.7,1.99,2.2,2.6099999,2.0599999,2.6199999,2.5,3.1500001,3.1199999,2.53,2.26,3.5999999,2.76,3.29,2.22
Pakistan,PAK,Punjab,Kasur,10,15,3133097,54.82,33.810001,42.5,39.299999,46.470001,46.490002,43.970001,42.599998,44.02,47.990002,51.34,47.650002,54.82,54.41,54.689999,52.799999,45.389999,49.330002,63.509998,53.860001,60.130001,50.349998,4.3899999,2.3299999,3.1800001,2.8699999,3.5699999,3.5799999,3.3299999,3.1900001,3.3299999,3.72,4.0500002,3.6900001,4.3899999,4.3499999,4.3800001,4.1900001,3.47,3.8499999,5.2399998,4.3000002,4.9099998,3.95,3.9000001,1.84,2.6900001,2.3800001,3.0799999,3.0899999,2.8399999,2.7,2.8399999,3.23,3.5599999,3.2,3.9000001,3.8599999,3.8900001,3.7,2.98,3.3599999,4.75,3.8099999,4.4200001,3.46
Pakistan,PAK,Punjab,Khanewal,10,15,3184249,51.529999,39.560001,45.939999,45.200001,53.119999,47.91,52.189999,42.189999,47.990002,45.630001,51.139999,51.639999,51.529999,51.57,61.279999,53.470001,50.880001,51.139999,58.509998,54.380001,64.269997,53.68,4.0700002,2.9000001,3.52,3.45,4.23,3.71,4.1300001,3.1500001,3.72,3.49,4.0300002,4.0799999,4.0700002,4.0700002,5.0300002,4.2600002,4.0100002,4.0300002,4.75,4.3499999,5.3200002,4.2800002,3.5799999,2.4100001,3.03,2.96,3.74,3.22,3.6400001,2.6600001,3.23,3,3.54,3.5899999,3.5799999,3.5799999,4.54,3.77,3.52,3.54,4.2600002,3.8599999,4.8299999,3.79
Pakistan,PAK,Punjab,Khushab,10,15,2199453,34.25,28.639999,36.59,41.18,36.849998,30.09,30.780001,25.879999,28.25,28.84,30.73,32.02,34.25,35.990002,37.84,38.52,34.68,34.970001,43.049999,36.630001,40.860001,35.220001,2.3800001,1.83,2.6099999,3.0599999,2.6300001,1.97,2.04,1.5599999,1.79,1.85,2.03,2.1600001,2.3800001,2.55,2.73,2.79,2.4200001,2.45,3.24,2.6099999,3.02,2.47,1.89,1.34,2.1199999,2.5699999,2.1400001,1.48,1.55,1.0700001,1.3,1.36,1.54,1.67,1.89,2.0599999,2.24,2.3,1.9299999,1.96,2.75,2.1199999,2.53,1.98
Pakistan,PAK,Punjab,Lahore,10,15,8927984,53.139999,35.490002,42.990002,40.799999,46.369999,46.68,45.220001,42.790001,44.02,47.07,52.200001,47.66,53.139999,53.73,55.630001,54.950001,46.799999,49.759998,62.580002,56.200001,60.740002,50,4.23,2.5,3.23,3.02,3.5599999,3.5899999,3.45,3.21,3.3299999,3.6300001,4.1399999,3.6900001,4.23,4.29,4.4699998,4.4099998,3.6099999,3.9000001,5.1500001,4.5300002,4.9699998,3.9200001,3.74,2.01,2.74,2.53,3.0699999,3.0999999,2.96,2.72,2.8399999,3.1400001,3.6500001,3.2,3.74,3.8,3.98,3.9200001,3.1199999,3.4100001,4.6599998,4.04,4.48,3.4300001
Pakistan,PAK,Punjab,Layyah,10,15,2700812,41.900002,37.07,43.77,48.650002,48.810001,38.689999,43.139999,33.970001,38.939999,36.439999,41.919998,43.830002,41.900002,45.439999,49.220001,45.630001,45.27,46.59,49.639999,46.57,53.560001,47.360001,3.1300001,2.6500001,3.3099999,3.79,3.8,2.8099999,3.25,2.3499999,2.8399999,2.5899999,3.1300001,3.3199999,3.1300001,3.47,3.8399999,3.49,3.46,3.5899999,3.8800001,3.5799999,4.27,3.6600001,2.6400001,2.1600001,2.8199999,3.3,3.3099999,2.3199999,2.76,1.86,2.3499999,2.0999999,2.6400001,2.8299999,2.6400001,2.98,3.3499999,3,2.97,3.0999999,3.3900001,3.0899999,3.78,3.1700001
Pakistan,PAK,Punjab,Lodhran,10,15,2163816,59.869999,45.77,52.369999,52.599998,64.57,57.77,65.639999,52.099998,57.52,52.18,62.169998,60.27,59.869999,61.259998,71.68,60.689999,60.07,62.509998,65.510002,62.189999,78.400002,65.389999,4.8899999,3.51,4.1500001,4.1700001,5.3499999,4.6799998,5.4499998,4.1300001,4.6599998,4.1300001,5.1100001,4.9299998,4.8899999,5.02,6.04,4.9699998,4.9099998,5.1500001,5.4400001,5.1199999,6.6999998,5.4299998,4.4000001,3.02,3.6600001,3.6800001,4.8600001,4.1900001,4.96,3.6400001,4.1700001,3.6400001,4.6199999,4.4400001,4.4000001,4.5300002,5.5500002,4.48,4.4200001,4.6599998,4.9499998,4.6300001,6.21,4.9400001
Pakistan,PAK,Punjab,Mandi Bahauddin,10,15,1998764,44.84,31.01,41.48,41,41.970001,40.25,39.880001,35.93,38.150002,39.869999,44.049999,38.349998,44.84,43.25,47.939999,47.040001,40.82,39.150002,52.939999,44.810001,50.16,40.16,3.4100001,2.0599999,3.0899999,3.04,3.1300001,2.96,2.9300001,2.54,2.76,2.9300001,3.3399999,2.78,3.4100001,3.26,3.72,3.6300001,3.02,2.8599999,4.21,3.4100001,3.9400001,2.96,2.9200001,1.5700001,2.5999999,2.55,2.6400001,2.47,2.4400001,2.05,2.27,2.4400001,2.8499999,2.29,2.9200001,2.77,3.23,3.1400001,2.53,2.3699999,3.72,2.9200001,3.45,2.47
Pakistan,PAK,Punjab,Mianwali,10,15,2712716,35.529999,32.400002,41.66,46.860001,42.200001,31.02,34.990002,28.200001,29.540001,30.700001,33.689999,35.16,35.529999,40.279999,42.169998,43.66,40.57,40.93,48.049999,42.220001,48.73,39.299999,2.5,2.2,3.0999999,3.6099999,3.1600001,2.0599999,2.45,1.78,1.91,2.03,2.3199999,2.47,2.5,2.97,3.1500001,3.3,3,3.03,3.73,3.1600001,3.8,2.8699999,2.01,1.71,2.6099999,3.1199999,2.6700001,1.5700001,1.96,1.29,1.42,1.54,1.83,1.98,2.01,2.48,2.6600001,2.8099999,2.51,2.54,3.24,2.6700001,3.3099999,2.3800001
Pakistan,PAK,Punjab,Multan,10,15,5557739,54.689999,43.77,49.720001,51.119999,60.310001,50.889999,60.919998,45.470001,51.189999,47.849998,55.779999,55.48,54.689999,55.610001,65.980003,56.240002,55.849998,55.57,59.709999,56.990002,68.599998,59.099998,4.3800001,3.3099999,3.8900001,4.0300002,4.9299998,4.0100002,4.9899998,3.48,4.04,3.71,4.4899998,4.46,4.3800001,4.4699998,5.4899998,4.5300002,4.4899998,4.4699998,4.8699999,4.6100001,5.7399998,4.8099999,3.8900001,2.8199999,3.4000001,3.54,4.4400001,3.52,4.5,2.99,3.55,3.22,4,3.97,3.8900001,3.98,5,4.04,4,3.98,4.3800001,4.1199999,5.25,4.3200002
Pakistan,PAK,Punjab,Muzaffargarh,10,15,4645827,53.16,43.59,49.400002,54.240002,60.720001,49.41,59.419998,44.439999,48.25,45.380001,54.32,54.700001,53.16,56.720001,62.84,54.98,55.029999,56.200001,58.490002,57.189999,69.720001,59.650002,4.23,3.29,3.8599999,4.3400002,4.9699998,3.8599999,4.8400002,3.3800001,3.75,3.47,4.3400002,4.3800001,4.23,4.5799999,5.1799998,4.4099998,4.4099998,4.5300002,4.75,4.6199999,5.8499999,4.8699999,3.74,2.8,3.3699999,3.8499999,4.48,3.3699999,4.3499999,2.8900001,3.26,2.98,3.8499999,3.8900001,3.74,4.0900002,4.6900001,3.9200001,3.9200001,4.04,4.2600002,4.1300001,5.3600001,4.3800001
Pakistan,PAK,Punjab,Nankana Sahib,10,15,1532547,48.709999,31.129999,38.82,38.400002,42.540001,41.790001,40.77,38.709999,39.630001,42.27,45.959999,42.919998,48.709999,46.619999,50.139999,48.52,40.560001,43.419998,55.84,46.169998,51.360001,43.360001,3.79,2.0699999,2.8199999,2.78,3.1900001,3.1199999,3.02,2.8099999,2.9000001,3.1600001,3.52,3.23,3.79,3.5899999,3.9300001,3.77,3,3.27,4.4899998,3.55,4.0500002,3.27,3.3,1.58,2.3299999,2.29,2.7,2.6300001,2.53,2.3199999,2.4100001,2.6700001,3.03,2.74,3.3,3.0999999,3.4400001,3.28,2.51,2.78,4,3.0599999,3.5599999,2.78
Pakistan,PAK,Punjab,Narowal,10,15,1673409,49.16,42.389999,50.990002,44.950001,47.950001,47.02,46.880001,42.799999,42.23,46.939999,54.299999,46.16,49.16,50.310001,52.900002,54.220001,45.380001,45.900002,60.599998,51.91,60.330002,46.700001,3.8399999,3.1700001,4.02,3.4300001,3.72,3.6300001,3.6099999,3.21,3.1600001,3.6199999,4.3400002,3.54,3.8399999,3.95,4.1999998,4.3299999,3.47,3.52,4.96,4.1100001,4.9299998,3.5999999,3.3499999,2.6800001,3.53,2.9400001,3.23,3.1400001,3.1199999,2.72,2.6700001,3.1300001,3.8499999,3.05,3.3499999,3.46,3.71,3.8399999,2.98,3.03,4.4699998,3.6199999,4.4400001,3.1099999
Pakistan,PAK,Punjab,Okara,10,15,2801552,53.049999,35.93,42.720001,40.529999,46.529999,45.59,43.369999,39.549999,44.040001,45.970001,48.099998,48.009998,53.049999,51.400002,54.59,52.369999,45.259998,48.279999,58.790001,52.700001,56.580002,49.759998,4.2199998,2.54,3.21,2.99,3.5799999,3.49,3.27,2.9000001,3.3399999,3.52,3.73,3.72,4.2199998,4.0599999,4.3699999,4.1500001,3.46,3.75,4.7800002,4.1799998,4.5700002,3.9000001,3.73,2.05,2.72,2.5,3.0899999,3,2.78,2.4100001,2.8499999,3.03,3.24,3.23,3.73,3.5699999,3.8800001,3.6600001,2.97,3.26,4.29,3.6900001,4.0799999,3.4100001
Pakistan,PAK,Punjab,Pakpattan,10,15,1895866,54.16,39.259998,46.16,43.279999,50.18,47.970001,48.220001,42.220001,47.41,46.869999,50.630001,52.34,54.16,53.189999,59.580002,54.759998,49.060001,52.240002,57.380001,55.419998,60.919998,52.720001,4.3299999,2.8699999,3.54,3.26,3.9400001,3.72,3.75,3.1600001,3.6700001,3.6099999,3.98,4.1500001,4.3299999,4.23,4.8600001,4.3899999,3.8299999,4.1399999,4.6399999,4.4499998,4.9899998,4.1900001,3.8399999,2.3800001,3.05,2.77,3.45,3.23,3.26,2.6700001,3.1800001,3.1199999,3.49,3.6600001,3.8399999,3.74,4.3699999,3.9000001,3.3399999,3.6500001,4.1500001,3.96,4.5,3.7
Pakistan,PAK,Punjab,Rahim Yar Khan,10,15,4866011,58.709999,44.25,47.41,58.099998,70.139999,53.5,67.160004,48.98,56.509998,45.709999,60.07,60.580002,58.709999,64.870003,70.510002,59.59,61.57,65.650002,60.860001,62.419998,79.25,70.239998,4.77,3.3599999,3.6700001,4.71,5.8899999,4.2600002,5.5999999,3.8199999,4.5599999,3.5,4.9099998,4.96,4.77,5.3800001,5.9299998,4.8600001,5.0500002,5.4499998,4.98,5.1399999,6.79,5.9000001,4.2800002,2.8699999,3.1800001,4.2199998,5.4000001,3.77,5.1100001,3.3299999,4.0700002,3.01,4.4200001,4.4699998,4.2800002,4.8899999,5.4400001,4.3699999,4.5599999,4.96,4.4899998,4.6500001,6.3000002,5.4099998
Pakistan,PAK,Punjab,Rajanpur,10,15,1754123,53.02,43.650002,45.32,57.400002,63.5,48.049999,58.450001,43.23,47.82,42.59,51.630001,55.779999,53.02,59.580002,63.07,57.290001,56.98,60.509998,57.68,58.52,72.400002,65.809998,4.2199998,3.3,3.46,4.6500001,5.2399998,3.73,4.75,3.26,3.71,3.1900001,4.0799999,4.4899998,4.2199998,4.8600001,5.1999998,4.6300001,4.5999999,4.9499998,4.6700001,4.75,6.1199999,5.4699998,3.73,2.8099999,2.97,4.1599998,4.75,3.24,4.2600002,2.77,3.22,2.7,3.5899999,4,3.73,4.3699999,4.71,4.1399999,4.1100001,4.46,4.1799998,4.2600002,5.6300001,4.98
Pakistan,PAK,Punjab,Rawalpindi,10,15,5589415,42.240002,36.220001,44.509998,46.18,46.060001,38.970001,39.790001,34.57,36.849998,39.139999,42.68,38.279999,42.240002,43.369999,50.560001,50.23,45.330002,42.34,54.119999,45.799999,51.779999,39.849998,3.1600001,2.5699999,3.3800001,3.55,3.53,2.8399999,2.9200001,2.4100001,2.6300001,2.8599999,3.2,2.77,3.1600001,3.27,3.97,3.9400001,3.46,3.1700001,4.3200002,3.51,4.0900002,2.9300001,2.6700001,2.0799999,2.8900001,3.0599999,3.04,2.3499999,2.4300001,1.92,2.1400001,2.3699999,2.71,2.28,2.6700001,2.78,3.48,3.45,2.97,2.6800001,3.8299999,3.02,3.5999999,2.4400001
Pakistan,PAK,Punjab,Sahiwal,10,15,2585152,51.290001,35.91,42.43,40.709999,46.939999,44.77,44.84,39.279999,44.07,44.5,47.09,48.509998,51.290001,49.939999,56.07,52.23,46.139999,47.650002,56.27,52.130001,56.639999,49.43,4.0500002,2.54,3.1800001,3.01,3.6199999,3.4100001,3.4100001,2.8699999,3.3399999,3.3800001,3.6300001,3.77,4.0500002,3.9100001,4.52,4.1399999,3.54,3.6900001,4.5300002,4.1300001,4.5700002,3.8599999,3.5599999,2.05,2.6900001,2.52,3.1300001,2.9200001,2.9200001,2.3800001,2.8499999,2.8900001,3.1400001,3.28,3.5599999,3.4200001,4.0300002,3.6500001,3.05,3.2,4.04,3.6400001,4.0799999,3.3699999
Pakistan,PAK,Punjab,Sargodha,10,15,4131582,41.43,29.389999,37.779999,39.599998,40.82,36.490002,37.900002,33.060001,36.23,36.330002,38.869999,36.599998,41.43,40.43,43.439999,42.860001,37.470001,37.950001,48.130001,41.16,45.790001,38.220001,3.0799999,1.9,2.72,2.9000001,3.02,2.5999999,2.73,2.26,2.5699999,2.5799999,2.8299999,2.6099999,3.0799999,2.98,3.28,3.22,2.6900001,2.74,3.74,3.05,3.51,2.77,2.5899999,1.41,2.23,2.4100001,2.53,2.1099999,2.24,1.77,2.0799999,2.0899999,2.3399999,2.1199999,2.5899999,2.49,2.79,2.73,2.2,2.25,3.25,2.5599999,3.02,2.28
Pakistan,PAK,Punjab,Sheikhupura,10,15,2528134,48.619999,32.209999,40.740002,38.119999,43,42.709999,41.41,39.459999,40.23,42.93,48.09,43.73,48.619999,48.740002,51.009998,50.919998,41.740002,44.59,58.029999,49.630001,54.720001,44.299999,3.79,2.1800001,3.01,2.76,3.23,3.21,3.0799999,2.8900001,2.96,3.23,3.73,3.3099999,3.79,3.8,4.02,4.0100002,3.1099999,3.3900001,4.71,3.8800001,4.3800001,3.3599999,3.3,1.6900001,2.52,2.27,2.74,2.72,2.5899999,2.4000001,2.47,2.74,3.24,2.8199999,3.3,3.3099999,3.53,3.52,2.6199999,2.9000001,4.2199998,3.3900001,3.8900001,2.8699999
Pakistan,PAK,Punjab,Sialkot,10,15,3418361,49.889999,39.34,49.200001,45.400002,47.709999,46.150002,45.23,41.560001,41.959999,45.799999,52.5,45,49.889999,48.759998,51.549999,53.810001,45.59,45.080002,60.450001,50.009998,59.439999,44.740002,3.9100001,2.8800001,3.8399999,3.47,3.7,3.54,3.45,3.0899999,3.1300001,3.51,4.1700001,3.4300001,3.9100001,3.8,4.0700002,4.29,3.49,3.4400001,4.9400001,3.9200001,4.8499999,3.4000001,3.4200001,2.3900001,3.3499999,2.98,3.21,3.05,2.96,2.5999999,2.6400001,3.02,3.6800001,2.9400001,3.4200001,3.3099999,3.5799999,3.8,3,2.95,4.4499998,3.4300001,4.3600001,2.9100001
Pakistan,PAK,Punjab,Toba Tek Singh,10,15,2318536,45.490002,32.330002,37.259998,38.110001,42.91,39.939999,39.959999,35.040001,39.59,39.529999,41.869999,43.48,45.490002,44.619999,48.740002,46.310001,40.25,42.299999,53,46.470001,50.459999,43.880001,3.48,2.1900001,2.6700001,2.75,3.23,2.9300001,2.9400001,2.45,2.9000001,2.8900001,3.1199999,3.28,3.48,3.3900001,3.8,3.5599999,2.96,3.1700001,4.21,3.5699999,3.96,3.3199999,2.99,1.7,2.1800001,2.26,2.74,2.4400001,2.45,1.96,2.4100001,2.4000001,2.6300001,2.79,2.99,2.9000001,3.3099999,3.0699999,2.47,2.6800001,3.72,3.0799999,3.47,2.8299999
Pakistan,PAK,Punjab,Vehari,10,15,3092321,56.48,40.84,48.650002,45.389999,55.040001,51.080002,54.669998,45.240002,51.450001,48.299999,54.73,55.459999,56.48,54.68,64.169998,56.860001,53.549999,55.290001,59.369999,55.830002,67.110001,57.860001,4.5500002,3.02,3.79,3.47,4.4099998,4.0300002,4.3800001,3.45,4.0599999,3.75,4.3800001,4.4499998,4.5500002,4.3800001,5.3099999,4.5900002,4.27,4.4400001,4.8400002,4.4899998,5.5999999,4.6900001,4.0599999,2.53,3.3,2.98,3.9200001,3.54,3.8900001,2.96,3.5699999,3.26,3.8900001,3.96,4.0599999,3.8900001,4.8200002,4.0999999,3.78,3.95,4.3499999,4,5.1100001,4.1999998
Pakistan,PAK,Sindh,Badin,10,15,1447581,53.18,47.02,42.099998,44.740002,63.240002,46.490002,53.23,48.27,57.57,38.970001,52.689999,55.849998,53.18,62.900002,65.440002,55.93,53.209999,58.25,46.110001,54.029999,61.290001,63.75,4.23,3.6300001,3.1500001,3.4000001,5.2199998,3.5799999,4.2399998,3.75,4.6599998,2.8399999,4.1799998,4.4899998,4.23,5.1799998,5.4299998,4.5,4.23,4.73,3.54,4.3099999,5.0300002,5.27,3.74,3.1400001,2.6600001,2.9100001,4.73,3.0899999,3.75,3.26,4.1700001,2.3499999,3.6900001,4,3.74,4.6900001,4.9400001,4.0100002,3.74,4.2399998,3.05,3.8199999,4.54,4.7800002
Pakistan,PAK,Sindh,Dadu,10,15,1126923,51.369999,49.880001,46.779999,52.619999,68.860001,46.389999,60.040001,42.360001,57.52,39.68,50.400002,54.950001,51.369999,59.970001,66.559998,54.139999,52.650002,58.150002,50.57,55.18,64.260002,67.230003,4.0500002,3.9100001,3.5999999,4.1799998,5.77,3.5699999,4.9000001,3.1700001,4.6599998,2.9100001,3.96,4.4099998,4.0500002,4.9000001,5.54,4.3299999,4.1799998,4.7199998,3.98,4.4299998,5.3200002,5.6100001,3.5599999,3.4200001,3.1099999,3.6900001,5.2800002,3.0799999,4.4099998,2.6800001,4.1700001,2.4200001,3.47,3.9200001,3.5599999,4.4099998,5.0500002,3.8399999,3.6900001,4.23,3.49,3.9400001,4.8299999,5.1199999
Pakistan,PAK,Sindh,Ghotki,10,15,1414506,60.169998,45.150002,46.139999,59.330002,75.889999,53.240002,67.449997,48.150002,59.110001,44.150002,60.77,61.310001,60.169998,67.519997,71.919998,59.59,60.98,68.019997,61.150002,64.919998,77.870003,70.209999,4.9200001,3.4400001,3.54,4.8299999,6.46,4.2399998,5.6300001,3.74,4.8099999,3.3499999,4.98,5.0300002,4.9200001,5.6399999,6.0700002,4.8600001,5,5.6900001,5.0100002,5.3800001,6.6500001,5.9000001,4.4299998,2.95,3.05,4.3400002,5.9699998,3.75,5.1399999,3.25,4.3200002,2.8599999,4.4899998,4.54,4.4299998,5.1500001,5.5799999,4.3699999,4.5100002,5.1999998,4.52,4.8899999,6.1599998,5.4099998
Pakistan,PAK,Sindh,Hyderabad,10,15,1391855,56.650002,50.93,46.830002,51.360001,66.040001,49.439999,59.240002,49.709999,61.389999,41.220001,56.240002,62.240002,56.650002,64.419998,70.639999,59.799999,58.119999,64.949997,51.310001,60.360001,67.910004,71.400002,4.5700002,4.0100002,3.6099999,4.0500002,5.4899998,3.8699999,4.8299999,3.8900001,5.04,3.0599999,4.5300002,5.1199999,4.5700002,5.3299999,5.9400001,4.8800001,4.7199998,5.3899999,4.0500002,4.9400001,5.6799998,6.02,4.0799999,3.52,3.1199999,3.5599999,5,3.3800001,4.3400002,3.4000001,4.5500002,2.5699999,4.04,4.6300001,4.0799999,4.8400002,5.4499998,4.3899999,4.23,4.9000001,3.5599999,4.4499998,5.1900001,5.5300002
Pakistan,PAK,Sindh,Jacobabad,10,15,716335,57.84,48.650002,46.009998,52.709999,71,48.630001,62.439999,42.950001,57.599998,41.48,53.720001,53.43,57.84,60.009998,64.690002,53.099998,53.099998,61.880001,50.049999,56.16,71.120003,64.760002,4.6900001,3.79,3.53,4.1900001,5.98,3.79,5.1399999,3.23,4.6599998,3.0899999,4.2800002,4.2600002,4.6900001,4.9000001,5.3600001,4.2199998,4.2199998,5.0799999,3.9300001,4.52,5.9899998,5.3699999,4.1999998,3.3,3.04,3.7,5.4899998,3.3,4.6500001,2.74,4.1700001,2.5999999,3.79,3.77,4.1999998,4.4099998,4.8699999,3.73,3.73,4.5900002,3.4400001,4.0300002,5.5,4.8800001
Pakistan,PAK,Sindh,Jamshoro,10,15,1007740,51.419998,47.110001,43.490002,50.41,62.220001,42.98,51.970001,42.93,53.73,36.939999,46.91,56.73,51.419998,59.369999,64.589996,55.18,52.279999,59.209999,49.5,54.779999,61.009998,68.139999,4.0599999,3.6400001,3.28,3.96,5.1199999,3.23,4.1100001,3.23,4.29,2.6400001,3.6199999,4.5799999,4.0599999,4.8400002,5.3499999,4.4299998,4.1399999,4.8200002,3.8699999,4.3899999,5,5.6999998,3.5699999,3.1500001,2.79,3.47,4.6300001,2.74,3.6199999,2.74,3.8,2.1500001,3.1300001,4.0900002,3.5699999,4.3499999,4.8600001,3.9400001,3.6500001,4.3299999,3.3800001,3.9000001,4.5100002,5.21
Pakistan,PAK,Sindh,Karachi City,10,15,27229627,44.07,43.900002,38.619999,40.439999,51.990002,37.419998,43.77,37.310001,48.240002,33.209999,36.77,47.790001,44.07,51.630001,56.32,49.25,42.380001,50.48,38.880001,47.790001,46.509998,62.580002,3.3399999,3.3199999,2.8,2.98,4.1199999,2.6900001,3.3099999,2.6800001,3.75,2.27,2.6199999,3.7,3.3399999,4.0799999,4.54,3.8499999,3.1700001,3.97,2.8299999,3.7,3.5799999,5.1500001,2.8499999,2.8299999,2.3099999,2.49,3.6300001,2.2,2.8199999,2.1900001,3.26,1.78,2.1300001,3.21,2.8499999,3.5899999,4.0500002,3.3599999,2.6800001,3.48,2.3399999,3.21,3.0899999,4.6599998
Pakistan,PAK,Sindh,Kashmore,10,15,793888,58.48,46.150002,46.220001,58.540001,71.510002,50.509998,63.849998,44.490002,56.029999,42.880001,57.290001,58.049999,58.48,64.010002,69.839996,56.439999,58.810001,65.199997,57.98,63,75.889999,66.830002,4.75,3.54,3.55,4.7600002,6.0300002,3.97,5.2800002,3.3800001,4.5100002,3.22,4.6300001,4.71,4.75,5.29,5.8600001,4.5500002,4.7800002,5.4099998,4.6999998,5.1900001,6.46,5.5700002,4.2600002,3.05,3.0599999,4.27,5.54,3.48,4.79,2.8900001,4.02,2.73,4.1399999,4.2199998,4.2600002,4.8000002,5.3699999,4.0599999,4.29,4.9200001,4.21,4.6999998,5.9699998,5.0799999
Pakistan,PAK,Sindh,Khairpur,10,15,1968287,59.759998,50.189999,48.77,56.619999,79.050003,52.880001,69.32,50.169998,63.009998,44.720001,63.139999,60.43,59.759998,65.720001,75.220001,59.080002,59.740002,67.279999,59.060001,63.5,74.190002,71.669998,4.8800001,3.9400001,3.8,4.5700002,6.77,4.1999998,5.8099999,3.9400001,5.1999998,3.4000001,5.21,4.9400001,4.8800001,5.46,6.3899999,4.8099999,4.8699999,5.6100001,4.8099999,5.2399998,6.29,6.04,4.3899999,3.45,3.3099999,4.0799999,6.2800002,3.71,5.3200002,3.45,4.71,2.9100001,4.7199998,4.4499998,4.3899999,4.9699998,5.9000001,4.3200002,4.3800001,5.1199999,4.3200002,4.75,5.8000002,5.5500002
Pakistan,PAK,Sindh,Larkana,10,15,992349,58.450001,51.630001,49.57,53.509998,76.510002,51.48,68.550003,46.790001,63.439999,44.419998,59.529999,57.209999,58.450001,62.099998,71.860001,56.459999,55.919998,63.02,53.48,58.740002,71.75,69.169998,4.75,4.0799999,3.8800001,4.2600002,6.52,4.0599999,5.7399998,3.6099999,5.2399998,3.3699999,4.8499999,4.6300001,4.75,5.1100001,6.0599999,4.5500002,4.5,5.1999998,4.2600002,4.7800002,6.0500002,5.8000002,4.2600002,3.5899999,3.3900001,3.77,6.0300002,3.5699999,5.25,3.1199999,4.75,2.8800001,4.3600001,4.1399999,4.2600002,4.6199999,5.5700002,4.0599999,4.0100002,4.71,3.77,4.29,5.5599999,5.3099999
Pakistan,PAK,Sindh,Matiari,10,15,483455,56.299999,49.810001,49.139999,53.439999,72.07,51.25,62.509998,50.09,60.779999,43.790001,58.540001,61.259998,56.299999,63.689999,71.470001,57,57.389999,63.52,53.360001,59.880001,69.480003,71.370003,4.54,3.9000001,3.8399999,4.2600002,6.0799999,4.04,5.1500001,3.9300001,4.98,3.3099999,4.7600002,5.02,4.54,5.2600002,6.02,4.6100001,4.6399999,5.2399998,4.25,4.8899999,5.8299999,6.0100002,4.0500002,3.4100001,3.3499999,3.77,5.5900002,3.55,4.6599998,3.4400001,4.4899998,2.8199999,4.27,4.5300002,4.0500002,4.77,5.5300002,4.1199999,4.1500001,4.75,3.76,4.4000001,5.3400002,5.52
Pakistan,PAK,Sindh,Mirpur Khas,10,15,1184664,54.759998,47.240002,44.900002,51.150002,70.040001,49.77,58.560001,50.970001,60.139999,40.91,56.959999,59.790001,54.759998,64.150002,67.099998,57.16,55.849998,62.369999,50.040001,55.84,68.959999,66.379997,4.3899999,3.6500001,3.4200001,4.0300002,5.8800001,3.9000001,4.7600002,4.0100002,4.9099998,3.03,4.5999999,4.8800001,4.3899999,5.3099999,5.5999999,4.6199999,4.4899998,5.1300001,3.9200001,4.4899998,5.7800002,5.52,3.9000001,3.1600001,2.9300001,3.54,5.3899999,3.4100001,4.27,3.52,4.4200001,2.54,4.1100001,4.3899999,3.9000001,4.8200002,5.1100001,4.1300001,4,4.6399999,3.4300001,4,5.29,5.0300002
Pakistan,PAK,Sindh,Naushahro Feroze,10,15,1295963,57.459999,52.73,50.450001,57.220001,76.510002,53.240002,69.610001,49.18,62.080002,44.799999,61.32,58.970001,57.459999,62.82,74.309998,57.84,58.380001,65.519997,57.669998,62.73,72.089996,71.709999,4.6500001,4.1900001,3.96,4.6300001,6.52,4.2399998,5.8400002,3.8399999,5.0999999,3.4100001,5.0300002,4.8000002,4.6500001,5.1799998,6.3000002,4.6900001,4.7399998,5.4400001,4.6700001,5.1700001,6.0900002,6.0500002,4.1599998,3.7,3.47,4.1399999,6.0300002,3.75,5.3499999,3.3499999,4.6100001,2.9200001,4.54,4.3099999,4.1599998,4.6900001,5.8099999,4.1999998,4.25,4.9499998,4.1799998,4.6799998,5.5999999,5.5599999
Pakistan,PAK,Sindh,Qambar Shahdadkot,10,15,811272,54.049999,48.200001,46.34,49.439999,70.43,48.150002,63.150002,44.189999,60.459999,41.830002,53.560001,53.110001,54.049999,58.599998,65.419998,52.849998,52.029999,58.169998,47.990002,53.91,65.839996,66.330002,4.3200002,3.74,3.5599999,3.8599999,5.9200001,3.74,5.21,3.3499999,4.9400001,3.1199999,4.27,4.2199998,4.3200002,4.7600002,5.4299998,4.1999998,4.1199999,4.7199998,3.72,4.3000002,5.4699998,5.52,3.8299999,3.25,3.0699999,3.3699999,5.4299998,3.25,4.7199998,2.8599999,4.4499998,2.6300001,3.78,3.73,3.8299999,4.27,4.9400001,3.71,3.6300001,4.23,3.23,3.8099999,4.98,5.0300002
Pakistan,PAK,Sindh,Sanghar,10,15,1864878,55.66,48.73,46.889999,53.939999,74.110001,51.09,60.93,50.630001,60.77,41.459999,57.720001,61.639999,55.66,64.019997,69.410004,56.360001,58.419998,63.369999,53.310001,58.23,68.480003,68.470001,4.4699998,3.8,3.6199999,4.3099999,6.2800002,4.0300002,4.9899998,3.98,4.98,3.0799999,4.6799998,5.0599999,4.4699998,5.29,5.8200002,4.54,4.7399998,5.23,4.2399998,4.73,5.73,5.73,3.98,3.3099999,3.1300001,3.8199999,5.79,3.54,4.5,3.49,4.4899998,2.5899999,4.1900001,4.5700002,3.98,4.8000002,5.3299999,4.0500002,4.25,4.7399998,3.75,4.2399998,5.2399998,5.2399998
Pakistan,PAK,Sindh,Shaheed Benazirabad,10,15,1216402,55.630001,51.43,49.540001,56.380001,73.120003,52.07,64.68,47.889999,58.889999,42.490002,56.119999,59.630001,55.630001,63.27,71.309998,56.860001,57.200001,62.25,54.23,59.490002,68.940002,70.610001,4.4699998,4.0599999,3.8699999,4.5500002,6.1900001,4.1199999,5.3600001,3.71,4.79,3.1800001,4.52,4.8600001,4.4699998,5.2199998,6.0100002,4.5900002,4.6300001,5.1199999,4.3299999,4.8499999,5.7800002,5.9400001,3.98,3.5699999,3.3800001,4.0599999,5.6999998,3.6300001,4.8699999,3.22,4.3000002,2.6900001,4.0300002,4.3699999,3.98,4.73,5.52,4.0999999,4.1399999,4.6300001,3.8399999,4.3600001,5.29,5.4499998
Pakistan,PAK,Sindh,Shikarpur,10,15,703014,62.830002,51.23,49.919998,57.139999,78.510002,52.939999,69.239998,46.639999,61.82,45.59,61.580002,59.07,62.830002,66.629997,73.419998,58.599998,58.470001,65.800003,55.639999,62.509998,76.110001,69.860001,5.1799998,4.04,3.9100001,4.6199999,6.71,4.21,5.8099999,3.5899999,5.0799999,3.49,5.0500002,4.8099999,5.1799998,5.5500002,6.21,4.7600002,4.75,5.4699998,4.4699998,5.1500001,6.48,5.8699999,4.6900001,3.55,3.4200001,4.1300001,6.2199998,3.72,5.3200002,3.0999999,4.5900002,3,4.5599999,4.3200002,4.6900001,5.0599999,5.7199998,4.27,4.2600002,4.98,3.98,4.6599998,5.9899998,5.3800001
Pakistan,PAK,Sindh,Sujawal,10,15,508217,48.009998,44.32,38.330002,40.790001,56.66,39.080002,44.23,42.110001,48.93,36.299999,45.68,48.529999,48.009998,56.669998,59.59,53.240002,47.189999,55.860001,40.360001,49.400002,53.889999,62.450001,3.72,3.3599999,2.78,3.02,4.5700002,2.8499999,3.3499999,3.1500001,3.8099999,2.5799999,3.5,3.78,3.72,4.5700002,4.8600001,4.2399998,3.6400001,4.4899998,2.98,3.8599999,4.3000002,5.1399999,3.23,2.8699999,2.29,2.53,4.0799999,2.3599999,2.8599999,2.6600001,3.3199999,2.0899999,3.01,3.29,3.23,4.0799999,4.3699999,3.75,3.1500001,4,2.49,3.3699999,3.8099999,4.6500001
Pakistan,PAK,Sindh,Sukkur,10,15,1098198,59.009998,46.779999,49,57.939999,77.199997,51.060001,66.269997,47.93,57.860001,43.09,59.560001,59.919998,59.009998,66.860001,73.440002,58.049999,59.669998,66.089996,57.650002,62.310001,73.440002,68.68,4.8000002,3.5999999,3.8199999,4.6999998,6.5900002,4.02,5.5100002,3.72,4.6900001,3.24,4.8600001,4.8899999,4.8000002,5.5700002,6.2199998,4.71,4.8699999,5.5,4.6700001,5.1300001,6.2199998,5.75,4.3099999,3.1099999,3.3299999,4.21,6.0999999,3.53,5.02,3.23,4.1999998,2.75,4.3699999,4.4000001,4.3099999,5.0799999,5.73,4.2199998,4.3800001,5.0100002,4.1799998,4.6399999,5.73,5.2600002
Pakistan,PAK,Sindh,Tando Allah Yar,10,15,646089,56.389999,49.169998,47.959999,51.34,72.870003,51.91,62.150002,52.110001,63.400002,44.619999,59.970001,61.369999,56.389999,64.360001,71.419998,57.48,57.77,65.940002,52.43,61.049999,72.239998,69.82,4.5500002,3.8399999,3.72,4.0500002,6.1599998,4.1100001,5.1100001,4.1300001,5.23,3.3900001,4.9000001,5.0300002,4.5500002,5.3299999,6.02,4.6500001,4.6799998,5.48,4.1599998,5,6.0999999,5.8600001,4.0599999,3.3499999,3.23,3.5599999,5.6700001,3.6199999,4.6199999,3.6400001,4.7399998,2.9000001,4.4099998,4.54,4.0599999,4.8400002,5.5300002,4.1599998,4.1900001,4.9899998,3.6700001,4.5100002,5.6100001,5.3699999
Pakistan,PAK,Sindh,Tando Muhammad Khan,10,15,459375,53.810001,47.650002,43.52,46.220001,64.669998,46.529999,55.98,48.650002,59.369999,40.869999,53.240002,57.630001,53.810001,62.490002,67.209999,56.779999,54.639999,60.450001,47.689999,55.099998,63.84,66.059998,4.29,3.6900001,3.29,3.55,5.3600001,3.5799999,4.5100002,3.79,4.8400002,3.03,4.2399998,4.6700001,4.29,5.1399999,5.6100001,4.5799999,4.3800001,4.9400001,3.6900001,4.4200001,5.2800002,5.4899998,3.8,3.2,2.8,3.0599999,4.8699999,3.0899999,4.02,3.3,4.3499999,2.54,3.75,4.1799998,3.8,4.6500001,5.1199999,4.0900002,3.8900001,4.4499998,3.2,3.9300001,4.79,5
Pakistan,PAK,Sindh,Tharparkar,10,15,2228451,47.450001,48.43,41.98,49.57,62.16,47.59,49.110001,50.27,54.34,31.58,46.549999,55.880001,47.450001,59.790001,61.91,55.32,54.049999,59.919998,47.349998,52.049999,60.490002,61.490002,3.6700001,3.77,3.1300001,3.8800001,5.1100001,3.6800001,3.8299999,3.95,4.3499999,2.1199999,3.5799999,4.5,3.6700001,4.8800001,5.0900002,4.4400001,4.3200002,4.8899999,3.6600001,4.1199999,4.9499998,5.0500002,3.1800001,3.28,2.6400001,3.3900001,4.6199999,3.1900001,3.3399999,3.46,3.8599999,1.63,3.0899999,4.0100002,3.1800001,4.3899999,4.5999999,3.95,3.8299999,4.4000001,3.1700001,3.6300001,4.46,4.5599999
Pakistan,PAK,Sindh,Thatta,10,15,1019193,46.759998,44.060001,38.610001,41.150002,55.029999,37.73,43.09,40.09,46.990002,34.889999,41.290001,48.75,46.759998,55.610001,59.279999,52.66,46.650002,54.799999,40.52,49.77,51.880001,63.900002,3.5999999,3.3399999,2.8,3.05,4.4099998,2.72,3.24,2.95,3.6199999,2.4400001,3.0699999,3.8,3.5999999,4.4699998,4.8299999,4.1799998,3.5899999,4.3899999,2.99,3.9000001,4.0999999,5.2800002,3.1099999,2.8499999,2.3099999,2.5599999,3.9200001,2.23,2.75,2.46,3.1300001,1.95,2.5799999,3.3099999,3.1099999,3.98,4.3400002,3.6900001,3.0999999,3.9000001,2.5,3.4100001,3.6099999,4.79
Pakistan,PAK,Sindh,Umerkot,10,15,1149847,52.970001,48.369999,43.450001,51.139999,67.360001,48.16,51.689999,50.939999,57.470001,34.939999,50.380001,58.349998,52.970001,62.68,61.669998,55.439999,54.869999,59.759998,47.790001,52.540001,62.5,63.639999,4.21,3.76,3.28,4.0300002,5.6199999,3.74,4.0900002,4.0100002,4.6500001,2.4400001,3.96,4.7399998,4.21,5.1599998,5.0599999,4.4499998,4.4000001,4.8800001,3.7,4.1700001,5.1500001,5.2600002,3.72,3.27,2.79,3.54,5.1300001,3.25,3.5999999,3.52,4.1599998,1.95,3.47,4.25,3.72,4.6700001,4.5700002,3.96,3.9100001,4.3899999,3.21,3.6800001,4.6599998,4.77